pdb_id,comp_id,chem_name,chain_id,seq_num
1A3C,SM,SAMARIUM (III) ION,?,?
1AK8,CE,CERIUM (III) ION,?,?
1C5K,YB,YTTERBIUM (III) ION,?,?
1GA7,GD3,GADOLINIUM ION,?,?
1K90,YB,YTTERBIUM (III) ION,?,?
1LVC,YB,YTTERBIUM (III) ION,?,?
1N65,CE,CERIUM (III) ION,?,?
1P1C,GD3,GADOLINIUM ION,?,?
1OKJ,GD3,GADOLINIUM ION,?,?
1NKF,LA,LANTHANUM (III) ION,?,?
1NCZ,TB,TERBIUM(III) ION,?,?
1NCH,YB,YTTERBIUM (III) ION,?,?
1NCG,YB,YTTERBIUM (III) ION,?,?
1NC4,GD3,GADOLINIUM ION,?,?
1MY8,SM3,(1R)-1-(2-THIENYLACETYLAMINO)-1-PHENYLMETHYLBORONIC ACID,?,?
1MSB,HO,HOLMIUM ATOM,?,?
1MQE,GD3,GADOLINIUM ION,?,?
1M9S,TB,TERBIUM(III) ION,?,?
1M6E,LU,LUTETIUM (III) ION,?,?
1M3D,LU,LUTETIUM (III) ION,?,?
1LT7,SM,SAMARIUM (III) ION,?,?
1KSM,LA,LANTHANUM (III) ION,?,?
1KQV,LA,LANTHANUM (III) ION,?,?
1KHV,LU,LUTETIUM (III) ION,?,?
1K0Z,PR,PRASEODYMIUM ION,?,?
1JHW,EU3,EUROPIUM (III) ION,?,?
1ISR,GD,GADOLINIUM ATOM,?,?
1IMB,GD,GADOLINIUM ATOM,?,?
1IMA,GD,GADOLINIUM ATOM,?,?
1HS6,YB,YTTERBIUM (III) ION,?,?
1H87,GD,GADOLINIUM ATOM,?,?
1H19,YB,YTTERBIUM (III) ION,?,?
1GW6,YB,YTTERBIUM (III) ION,?,?
1GGY,YB,YTTERBIUM (III) ION,?,?
1FCK,CE,CERIUM (III) ION,?,?
1EXZ,SM,SAMARIUM (III) ION,?,?
1E8X,LU,LUTETIUM (III) ION,?,?
1E8S,EU3,EUROPIUM (III) ION,?,?
1DUH,LU,LUTETIUM (III) ION,?,?
1DT6,SM,SAMARIUM (III) ION,?,?
1DKH,SM,SAMARIUM (III) ION,?,?
1DJG,LA,LANTHANUM (III) ION,?,?
1CX8,SM,SAMARIUM (III) ION,?,?
1CNT,YB,YTTERBIUM (III) ION,?,?
1BUU,HO,HOLMIUM ATOM,?,?
1BUB,EU,EUROPIUM ION,?,?
1BIX,SM,SAMARIUM (III) ION,?,?
1B9Y,GD,GADOLINIUM ATOM,?,?
1B9X,GD,GADOLINIUM ATOM,?,?
1A4Z,SM,SAMARIUM (III) ION,?,?
1PI4,SM3,(1R)-1-(2-THIENYLACETYLAMINO)-1-PHENYLMETHYLBORONIC ACID,?,?
1PJL,LU,LUTETIUM (III) ION,?,?
1PK0,YB,YTTERBIUM (III) ION,?,?
1PLU,LU,LUTETIUM (III) ION,?,?
1PSR,HO,HOLMIUM ATOM,?,?
1QAT,SM,SAMARIUM (III) ION,?,?
1QJM,SM,SAMARIUM (III) ION,?,?
1QSL,EU,EUROPIUM ION,?,?
1R14,SM,SAMARIUM (III) ION,?,?
1RER,HO,HOLMIUM ATOM,?,?
1S26,YB,YTTERBIUM (III) ION,?,?
1SK6,YB,YTTERBIUM (III) ION,?,?
1SOI,SM,SAMARIUM (III) ION,?,?
1SQM,YB,YTTERBIUM (III) ION,?,?
1TJB,TB,TERBIUM(III) ION,?,?
1TVG,SM,SAMARIUM (III) ION,?,?
1UZP,SM,SAMARIUM (III) ION,?,?
1V8M,GD,GADOLINIUM ATOM,?,?
1W6Z,HO3,HOLMIUM (III) ATOM,?,?
1WC4,EU3,EUROPIUM (III) ION,?,?
1XR5,SM,SAMARIUM (III) ION,?,?
1YTT,YB,YTTERBIUM (III) ION,?,?
1YZR,SM,SAMARIUM (III) ION,?,?
1Z1Y,YB,YTTERBIUM (III) ION,?,?
2ANV,SM,SAMARIUM (III) ION,?,?
2ANX,SM,SAMARIUM (III) ION,?,?
2BOP,YB,YTTERBIUM (III) ION,?,?
2BPU,HO,HOLMIUM ATOM,?,?
2E0Y,SM,SAMARIUM (III) ION,?,?
2F1R,PR,PRASEODYMIUM ION,?,?
2FBY,EU3,EUROPIUM (III) ION,?,?
2FFY,SM3,(1R)-1-(2-THIENYLACETYLAMINO)-1-PHENYLMETHYLBORONIC ACID,?,?
2HHM,GD,GADOLINIUM ATOM,?,?
2HYZ,SM,SAMARIUM (III) ION,?,?
2I18,LA,LANTHANUM (III) ION,?,?
2IF5,PR,PRASEODYMIUM ION,?,?
2ISN,PR,PRASEODYMIUM ION,?,?
2K0J,LA,LANTHANUM (III) ION,?,?
2K61,TB,TERBIUM(III) ION,?,?
2K62,YB,YTTERBIUM (III) ION,?,?
2KTR,TB,TERBIUM(III) ION,?,?
2O3H,SM,SAMARIUM (III) ION,?,?
2O5W,SM,SAMARIUM (III) ION,?,?
2OJR,TB,TERBIUM(III) ION,?,?
2OLC,HO,HOLMIUM ATOM,?,?
2OQR,LA,LANTHANUM (III) ION,?,?
2P1X,EU3,EUROPIUM (III) ION,?,?
2P80,GD,GADOLINIUM ATOM,?,?
2PC2,EU,EUROPIUM ION,?,?
2PE7,EU,EUROPIUM ION,?,?
2PES,LU,LUTETIUM (III) ION,?,?
2QMI,LU,LUTETIUM (III) ION,?,?
2R59,YB,YTTERBIUM (III) ION,?,?
2RPV,LA,LANTHANUM (III) ION,?,?
2RSE,TB,TERBIUM(III) ION,?,?
2TCL,SM,SAMARIUM (III) ION,?,?
2TRC,GD,GADOLINIUM ATOM,?,?
2V15,TB,TERBIUM(III) ION,?,?
2VJ8,YB,YTTERBIUM (III) ION,?,?
2VSY,PR,PRASEODYMIUM ION,?,?
2VXB,PR,PRASEODYMIUM ION,?,?
2VXC,PR,PRASEODYMIUM ION,?,?
2VZY,SM,SAMARIUM (III) ION,?,?
2WJD,SM,SAMARIUM (III) ION,?,?
2WVI,PR,PRASEODYMIUM ION,?,?
2X3L,SM,SAMARIUM (III) ION,?,?
2X6C,SM,SAMARIUM (III) ION,?,?
2Y9W,HO,HOLMIUM ATOM,?,?
2Y9X,HO,HOLMIUM ATOM,?,?
2YAT,EU,EUROPIUM ION,?,?
2YEU,GD,GADOLINIUM ATOM,?,?
2YZW,GD3,GADOLINIUM ION,?,?
2ZNR,PR,PRASEODYMIUM ION,?,?
2ZTB,LU,LUTETIUM (III) ION,?,?
359D,TB,TERBIUM(III) ION,?,?
3A7C,LU,LUTETIUM (III) ION,?,?
3AKC,GD,GADOLINIUM ATOM,?,?
3ATB,GD,GADOLINIUM ATOM,?,?
3ATD,GD,GADOLINIUM ATOM,?,?
3ATE,PR,PRASEODYMIUM ION,?,?
3B7R,YB,YTTERBIUM (III) ION,?,?
3B7S,YB,YTTERBIUM (III) ION,?,?
3B7T,YB,YTTERBIUM (III) ION,?,?
3B7U,YB,YTTERBIUM (III) ION,?,?
3CHO,YB,YTTERBIUM (III) ION,?,?
3CHP,YB,YTTERBIUM (III) ION,?,?
3CHQ,YB,YTTERBIUM (III) ION,?,?
3CHR,YB,YTTERBIUM (III) ION,?,?
3CHS,YB,YTTERBIUM (III) ION,?,?
3CM6,ER3,ERBIUM (III) ION,?,?
3CQR,GD,GADOLINIUM ATOM,?,?
3DH4,ER3,ERBIUM (III) ION,?,?
3EEU,HO,HOLMIUM ATOM,?,?
3FH5,YB,YTTERBIUM (III) ION,?,?
3FH7,YB,YTTERBIUM (III) ION,?,?
3FH8,YB,YTTERBIUM (III) ION,?,?
3FHE,YB,YTTERBIUM (III) ION,?,?
3FOU,PR,PRASEODYMIUM ION,?,?
3FTS,YB,YTTERBIUM (III) ION,?,?
3FTU,YB,YTTERBIUM (III) ION,?,?
3FTV,YB,YTTERBIUM (III) ION,?,?
3FTW,YB,YTTERBIUM (III) ION,?,?
3FTX,YB,YTTERBIUM (III) ION,?,?
3FTY,YB,YTTERBIUM (III) ION,?,?
3FTZ,YB,YTTERBIUM (III) ION,?,?
3FU0,YB,YTTERBIUM (III) ION,?,?
3FU3,YB,YTTERBIUM (III) ION,?,?
3FU5,YB,YTTERBIUM (III) ION,?,?
3FU6,YB,YTTERBIUM (III) ION,?,?
3FUD,YB,YTTERBIUM (III) ION,?,?
3FUE,YB,YTTERBIUM (III) ION,?,?
3FUF,YB,YTTERBIUM (III) ION,?,?
3FUH,YB,YTTERBIUM (III) ION,?,?
3FUI,YB,YTTERBIUM (III) ION,?,?
3FUJ,YB,YTTERBIUM (III) ION,?,?
3FUK,YB,YTTERBIUM (III) ION,?,?
3FUL,YB,YTTERBIUM (III) ION,?,?
3FUM,YB,YTTERBIUM (III) ION,?,?
3FUN,YB,YTTERBIUM (III) ION,?,?
3H9V,GD,GADOLINIUM ATOM,?,?
3HLW,CE3,"(6R,7R)-3-(acetyloxymethyl)-7-[[(2Z)-2-(2-amino-1,3-thiazol-4-yl)-2-methoxyimino-ethanoyl]amino]-8-oxo-5-thia-1-azabicy clo[4.2.0]oct-2-ene-2-carboxylic acid",?,?
3KLT,SM,SAMARIUM (III) ION,?,?
3KPE,TM3,2-[[6-[[[2-(3-hydroxypropyl)-5-methylphenyl]amino]methyl]-2-[[3-(4-morpholinyl)propyl]amino]-1H-benzimidazol-1-yl]methyl]-6-methyl-3-pyridinol,?,?
3LGR,EU,EUROPIUM ION,?,?
3LJT,LA3,"(2R)-2-[4-(1,3-benzodioxol-5-yl)benzyl]-N~4~-hydroxy-N~1~-[(1S,2R)-2-hydroxy-2,3-dihydro-1H-inden-1-yl]butanediamide",?,?
3LJZ,LA3,"(2R)-2-[4-(1,3-benzodioxol-5-yl)benzyl]-N~4~-hydroxy-N~1~-[(1S,2R)-2-hydroxy-2,3-dihydro-1H-inden-1-yl]butanediamide",?,?
3LTQ,TB,TERBIUM(III) ION,?,?
3MVC,PR,PRASEODYMIUM ION,?,?
3OJO,EU,EUROPIUM ION,?,?
3PY9,EU,EUROPIUM ION,?,?
3Q4I,GD3,GADOLINIUM ION,?,?
3Q8K,SM,SAMARIUM (III) ION,?,?
3Q8L,SM,SAMARIUM (III) ION,?,?
3R79,PR,PRASEODYMIUM ION,?,?
3TF6,EU,EUROPIUM ION,?,?
3TOR,EU,EUROPIUM ION,?,?
3TXM,GD3,GADOLINIUM ION,?,?
3U3L,PR,PRASEODYMIUM ION,?,?
3U3N,PR,PRASEODYMIUM ION,?,?
3U3U,PR,PRASEODYMIUM ION,?,?
3U9W,YB,YTTERBIUM (III) ION,?,?
3UKJ,PR,PRASEODYMIUM ION,?,?
3VDZ,GD,GADOLINIUM ATOM,?,?
3VX0,GD,GADOLINIUM ATOM,?,?
3ZTY,GD,GADOLINIUM ATOM,?,?
3ZXS,GD,GADOLINIUM ATOM,?,?
4AFI,PR,PRASEODYMIUM ION,?,?
4AFP,SM,SAMARIUM (III) ION,?,?
4AHW,GD,GADOLINIUM ATOM,?,?
4AHX,GD,GADOLINIUM ATOM,?,?
4AHY,GD,GADOLINIUM ATOM,?,?
4AHZ,GD,GADOLINIUM ATOM,?,?
4AI0,GD,GADOLINIUM ATOM,?,?
4AI1,GD,GADOLINIUM ATOM,?,?
4AI2,GD,GADOLINIUM ATOM,?,?
4AI3,GD,GADOLINIUM ATOM,?,?
4BAD,EU3,EUROPIUM (III) ION,?,?
4BAF,EU3,EUROPIUM (III) ION,?,?
4BAL,EU3,EUROPIUM (III) ION,?,?
4BAP,EU3,EUROPIUM (III) ION,?,?
4BAR,EU3,EUROPIUM (III) ION,?,?
4BD7,PR,PRASEODYMIUM ION,?,?
4BD8,PR,PRASEODYMIUM ION,?,?
4BDW,HO,HOLMIUM ATOM,?,?
4BS7,YB,YTTERBIUM (III) ION,?,?
4BSP,HO,HOLMIUM ATOM,?,?
4CKY,ND3,"2,2-dimethyl-3-dehydroquinic acid",?,?
4D1O,GD,GADOLINIUM ATOM,?,?
4D1P,GD,GADOLINIUM ATOM,?,?
4DPR,YB,YTTERBIUM (III) ION,?,?
4DW0,GD,GADOLINIUM ATOM,?,?
4ESQ,TB,TERBIUM(III) ION,?,?
4F3V,SM,SAMARIUM (III) ION,?,?
4FLB,PR,PRASEODYMIUM ION,?,?
4H1P,EU,EUROPIUM ION,?,?
4ICV,PR,PRASEODYMIUM ION,?,?
4IRW,TB,TERBIUM(III) ION,?,?
4JA3,LU,LUTETIUM (III) ION,?,?
4KOT,CE3,"(6R,7R)-3-(acetyloxymethyl)-7-[[(2Z)-2-(2-amino-1,3-thiazol-4-yl)-2-methoxyimino-ethanoyl]amino]-8-oxo-5-thia-1-azabicy clo[4.2.0]oct-2-ene-2-carboxylic acid",?,?
4L12,GD,GADOLINIUM ATOM,?,?
4L2L,YB,YTTERBIUM (III) ION,?,?
4LL7,DY,DYSPROSIUM ION,?,?
4LP1,EU3,EUROPIUM (III) ION,?,?
4MAE,CE,CERIUM (III) ION,?,?
4MKT,YB,YTTERBIUM (III) ION,?,?
4MS6,YB,YTTERBIUM (III) ION,?,?
4N5R,GD,GADOLINIUM ATOM,?,?
4NGV,YB,YTTERBIUM (III) ION,?,?
4NGW,YB,YTTERBIUM (III) ION,?,?
4NGY,YB,YTTERBIUM (III) ION,?,?
4NGZ,YB,YTTERBIUM (III) ION,?,?
4P1H,SM,SAMARIUM (III) ION,?,?
4P1J,SM,SAMARIUM (III) ION,?,?
4P3W,PR,PRASEODYMIUM ION,?,?
4PHB,GD,GADOLINIUM ATOM,?,?
4PM5,CE3,"(6R,7R)-3-(acetyloxymethyl)-7-[[(2Z)-2-(2-amino-1,3-thiazol-4-yl)-2-methoxyimino-ethanoyl]amino]-8-oxo-5-thia-1-azabicy clo[4.2.0]oct-2-ene-2-carboxylic acid",?,?
4PM7,CE3,"(6R,7R)-3-(acetyloxymethyl)-7-[[(2Z)-2-(2-amino-1,3-thiazol-4-yl)-2-methoxyimino-ethanoyl]amino]-8-oxo-5-thia-1-azabicy clo[4.2.0]oct-2-ene-2-carboxylic acid",?,?
4PM9,CE3,"(6R,7R)-3-(acetyloxymethyl)-7-[[(2Z)-2-(2-amino-1,3-thiazol-4-yl)-2-methoxyimino-ethanoyl]amino]-8-oxo-5-thia-1-azabicy clo[4.2.0]oct-2-ene-2-carboxylic acid",?,?
4R7L,YB,YTTERBIUM (III) ION,?,?
4REB,SM,SAMARIUM (III) ION,?,?
4WB9,YB,YTTERBIUM (III) ION,?,?
4WJ9,YB,YTTERBIUM (III) ION,?,?
5AC2,YB,YTTERBIUM (III) ION,?,?
5AEN,YB,YTTERBIUM (III) ION,?,?
5AVK,PR,PRASEODYMIUM ION,?,?
5FBH,GD3,GADOLINIUM ION,?,?
5G3S,SM,SAMARIUM (III) ION,?,?
5GGM,TB,TERBIUM(III) ION,?,?
5KLF,GD,GADOLINIUM ATOM,?,?
5LXR,SM,SAMARIUM (III) ION,?,?
5N3W,YB,YTTERBIUM (III) ION,?,?
5N35,GD,GADOLINIUM ATOM,?,?
5MF2,TB,TERBIUM(III) ION,?,?
5L2O,YB,YTTERBIUM (III) ION,?,?
5L2N,YB,YTTERBIUM (III) ION,?,?
5L2M,YB,YTTERBIUM (III) ION,?,?
5KTJ,SM,SAMARIUM (III) ION,?,?
5KSE,SM,SAMARIUM (III) ION,?,?
5KKB,LA,LANTHANUM (III) ION,?,?
5KIJ,LA,LANTHANUM (III) ION,?,?
5K97,SM,SAMARIUM (III) ION,?,?
5IZR,TB,TERBIUM(III) ION,?,?
5IWT,GD,GADOLINIUM ATOM,?,?
5I2S,YB,YTTERBIUM (III) ION,?,?
5HLK,LU,LUTETIUM (III) ION,?,?
5H13,PR,PRASEODYMIUM ION,?,?
5G6U,EU,EUROPIUM ION,?,?
5FWQ,YB,YTTERBIUM (III) ION,?,?
5FIS,GD,GADOLINIUM ATOM,?,?
5FGR,YB,YTTERBIUM (III) ION,?,?
5F8A,LU,LUTETIUM (III) ION,?,?
5F6T,GD,GADOLINIUM ATOM,?,?
5EA5,TM3,2-[[6-[[[2-(3-hydroxypropyl)-5-methylphenyl]amino]methyl]-2-[[3-(4-morpholinyl)propyl]amino]-1H-benzimidazol-1-yl]methyl]-6-methyl-3-pyridinol,?,?
5C6L,GD,GADOLINIUM ATOM,?,?
5C6J,GD,GADOLINIUM ATOM,?,?
5C6I,GD,GADOLINIUM ATOM,?,?
5BPP,YB,YTTERBIUM (III) ION,?,?
4ZHH,SM,SAMARIUM (III) ION,?,?
4XHA,LU,LUTETIUM (III) ION,?,?
4X8I,GD,GADOLINIUM ATOM,?,?
4X4L,YB,YTTERBIUM (III) ION,?,?
4X1D,YB,YTTERBIUM (III) ION,?,?
4WT0,PR,PRASEODYMIUM ION,?,?
4WSZ,PR,PRASEODYMIUM ION,?,?
4WPN,YB,YTTERBIUM (III) ION,?,?
4WP7,YB,YTTERBIUM (III) ION,?,?
4U47,TB,TERBIUM(III) ION,?,?
4TWS,GD,GADOLINIUM ATOM,?,?
4RVB,YB,YTTERBIUM (III) ION,?,?
4RSY,YB,YTTERBIUM (III) ION,?,?
5NGY,PR,PRASEODYMIUM ION,?,?
5NI2,YB,YTTERBIUM (III) ION,?,?
5NI6,YB,YTTERBIUM (III) ION,?,?
5NJ8,ER3,ERBIUM (III) ION,?,?
5NPL,YB,YTTERBIUM (III) ION,?,?
5NSJ,SM,SAMARIUM (III) ION,?,?
5NZY,CE3,"(6R,7R)-3-(acetyloxymethyl)-7-[[(2Z)-2-(2-amino-1,3-thiazol-4-yl)-2-methoxyimino-ethanoyl]amino]-8-oxo-5-thia-1-azabicy clo[4.2.0]oct-2-ene-2-carboxylic acid",?,?
5OBB,TB,TERBIUM(III) ION,?,?
5OER,GD,GADOLINIUM ATOM,?,?
5SH8,PR,PRASEODYMIUM ION,?,?
5SIF,PR,PRASEODYMIUM ION,?,?
5SIO,PR,PRASEODYMIUM ION,?,?
5SJE,PR,PRASEODYMIUM ION,?,?
5SJO,PR,PRASEODYMIUM ION,?,?
5SJT,PR,PRASEODYMIUM ION,?,?
5SKD,PR,PRASEODYMIUM ION,?,?
5SKF,PR,PRASEODYMIUM ION,?,?
5SKH,PR,PRASEODYMIUM ION,?,?
5TC9,GD3,GADOLINIUM ION,?,?
5TEI,YB,YTTERBIUM (III) ION,?,?
5UJ3,CE4,"(2R)-2-[(R)-{[(2Z)-2-(2-amino-1,3-thiazol-4-yl)-2-(methoxyimino)acetyl]amino}(carboxy)methyl]-5-methylidene-5,6-dihydro -2H-1,3-thiazine-4-carboxylic acid",?,?
5UM9,SM,SAMARIUM (III) ION,?,?
5UO8,GD,GADOLINIUM ATOM,?,?
5UO9,GD,GADOLINIUM ATOM,?,?
5UOA,GD,GADOLINIUM ATOM,?,?
5UOB,GD,GADOLINIUM ATOM,?,?
5UOC,GD,GADOLINIUM ATOM,?,?
5VVB,GD,GADOLINIUM ATOM,?,?
5VVC,GD,GADOLINIUM ATOM,?,?
5VVD,GD,GADOLINIUM ATOM,?,?
5WOA,GD,GADOLINIUM ATOM,?,?
5WRC,PR,PRASEODYMIUM ION,?,?
5X7S,TB,TERBIUM(III) ION,?,?
5XBO,TB,TERBIUM(III) ION,?,?
5XIT,PR,PRASEODYMIUM ION,?,?
5YTQ,LA,LANTHANUM (III) ION,?,?
5ZB8,SM,SAMARIUM (III) ION,?,?
5ZC0,SM,SAMARIUM (III) ION,?,?
6AV6,GD,GADOLINIUM ATOM,?,?
6AV7,GD,GADOLINIUM ATOM,?,?
6C79,CE3,"(6R,7R)-3-(acetyloxymethyl)-7-[[(2Z)-2-(2-amino-1,3-thiazol-4-yl)-2-methoxyimino-ethanoyl]amino]-8-oxo-5-thia-1-azabicy clo[4.2.0]oct-2-ene-2-carboxylic acid",?,?
6C8H,GD,GADOLINIUM ATOM,?,?
6CIE,GD,GADOLINIUM ATOM,?,?
6CIF,GD,GADOLINIUM ATOM,?,?
6CYQ,CE4,"(2R)-2-[(R)-{[(2Z)-2-(2-amino-1,3-thiazol-4-yl)-2-(methoxyimino)acetyl]amino}(carboxy)methyl]-5-methylidene-5,6-dihydro -2H-1,3-thiazine-4-carboxylic acid",?,?
6CYU,CE4,"(2R)-2-[(R)-{[(2Z)-2-(2-amino-1,3-thiazol-4-yl)-2-(methoxyimino)acetyl]amino}(carboxy)methyl]-5-methylidene-5,6-dihydro -2H-1,3-thiazine-4-carboxylic acid",?,?
6DAM,LA,LANTHANUM (III) ION,?,?
6DUM,YB,YTTERBIUM (III) ION,?,?
6ENB,YB,YTTERBIUM (III) ION,?,?
6ENC,YB,YTTERBIUM (III) ION,?,?
6END,YB,YTTERBIUM (III) ION,?,?
6EUQ,PR,PRASEODYMIUM ION,?,?
6F2F,TB,TERBIUM(III) ION,?,?
6F2H,TB,TERBIUM(III) ION,?,?
6F2I,TB,TERBIUM(III) ION,?,?
6F2J,TB,TERBIUM(III) ION,?,?
6F2K,TB,TERBIUM(III) ION,?,?
6F2M,TB,TERBIUM(III) ION,?,?
6FKW,EU,EUROPIUM ION,?,?
6FRM,TB,TERBIUM(III) ION,?,?
6FRN,TB,TERBIUM(III) ION,?,?
6FRO,TB,TERBIUM(III) ION,?,?
6FRQ,TB,TERBIUM(III) ION,?,?
6H6N,TB,TERBIUM(III) ION,?,?
6HF6,TB,TERBIUM(III) ION,?,?
6HF7,TB,TERBIUM(III) ION,?,?
6HK1,TB,TERBIUM(III) ION,?,?
6HVQ,LA,LANTHANUM (III) ION,?,?
6IP9,LA,LANTHANUM (III) ION,?,?
6K2X,PR,PRASEODYMIUM ION,?,?
6KYA,DY3,"3-[5-methylsulfanyl-4-(3,4,5-trimethylphenyl)-1,2,4-triazol-3-yl]propan-1-ol",?,?
6NBT,SM,SAMARIUM (III) ION,?,?
6NDE,PR,PRASEODYMIUM ION,?,?
6NH1,GD,GADOLINIUM ATOM,?,?
6NH2,GD,GADOLINIUM ATOM,?,?
6NH3,GD,GADOLINIUM ATOM,?,?
6NH4,GD,GADOLINIUM ATOM,?,?
6NH5,GD,GADOLINIUM ATOM,?,?
6NH6,GD,GADOLINIUM ATOM,?,?
6NH7,GD,GADOLINIUM ATOM,?,?
6NH8,GD,GADOLINIUM ATOM,?,?
6NHF,GD,GADOLINIUM ATOM,?,?
6NQ7,GD,GADOLINIUM ATOM,?,?
6OC5,LA,LANTHANUM (III) ION,?,?
6OC6,LA,LANTHANUM (III) ION,?,?
6OOM,PR,PRASEODYMIUM ION,?,?
6OOP,PR,PRASEODYMIUM ION,?,?
6OWW,YB,YTTERBIUM (III) ION,?,?
6P4Z,GD,GADOLINIUM ATOM,?,?
6P74,SM,SAMARIUM (III) ION,?,?
6POU,GD,GADOLINIUM ATOM,?,?
6POV,GD,GADOLINIUM ATOM,?,?
6POW,GD,GADOLINIUM ATOM,?,?
6POX,GD,GADOLINIUM ATOM,?,?
6POY,GD,GADOLINIUM ATOM,?,?
6POZ,GD,GADOLINIUM ATOM,?,?
6PP0,GD,GADOLINIUM ATOM,?,?
6PP1,GD,GADOLINIUM ATOM,?,?
6PP2,GD,GADOLINIUM ATOM,?,?
6PP3,GD,GADOLINIUM ATOM,?,?
6PP4,GD,GADOLINIUM ATOM,?,?
6QSS,TB,TERBIUM(III) ION,?,?
6RQ7,GD,GADOLINIUM ATOM,?,?
6RQA,TB,TERBIUM(III) ION,?,?
6SR0,GD,GADOLINIUM ATOM,?,?
6SR1,GD,GADOLINIUM ATOM,?,?
6SR2,GD,GADOLINIUM ATOM,?,?
6SR3,GD,GADOLINIUM ATOM,?,?
6SR4,GD,GADOLINIUM ATOM,?,?
6SR5,GD,GADOLINIUM ATOM,?,?
6THE,TB,TERBIUM(III) ION,?,?
6THE,ER3,ERBIUM (III) ION,?,?
6THE,YB,YTTERBIUM (III) ION,?,?
6TMR,TB,TERBIUM(III) ION,?,?
6TRT,TB,TERBIUM(III) ION,?,?
6TVY,TB,TERBIUM(III) ION,?,?
6U04,PR,PRASEODYMIUM ION,?,?
6U3Z,PR,PRASEODYMIUM ION,?,?
6VRZ,PR,PRASEODYMIUM ION,?,?
6VS0,PR,PRASEODYMIUM ION,?,?
6VS1,PR,PRASEODYMIUM ION,?,?
6VS2,PR,PRASEODYMIUM ION,?,?
6WRO,GD,GADOLINIUM ATOM,?,?
6WRR,GD,GADOLINIUM ATOM,?,?
6WRY,GD,GADOLINIUM ATOM,?,?
6X25,GD,GADOLINIUM ATOM,?,?
6XYM,TB,TERBIUM(III) ION,?,?
6XZF,TB,TERBIUM(III) ION,?,?
6Y0E,TB,TERBIUM(III) ION,?,?
6Y1R,TB,TERBIUM(III) ION,?,?
6YUO,GD3,GADOLINIUM ION,?,?
6YXF,GD,GADOLINIUM ATOM,?,?
6Z1D,GD,GADOLINIUM ATOM,?,?
6ZCV,PR,PRASEODYMIUM ION,?,?
6ZCW,PR,PRASEODYMIUM ION,?,?
6ZV9,TB,TERBIUM(III) ION,?,?
7AUZ,YB,YTTERBIUM (III) ION,?,?
7AV0,YB,YTTERBIUM (III) ION,?,?
7AV1,YB,YTTERBIUM (III) ION,?,?
7AV2,YB,YTTERBIUM (III) ION,?,?
7BXF,PR,PRASEODYMIUM ION,?,?
7CCN,LU,LUTETIUM (III) ION,?,?
7CCO,LA,LANTHANUM (III) ION,?,?
7FXP,TB3,(2Z)-4-(4-bromo-2-chloroanilino)-4-oxobut-2-enoic acid,?,?
7JWS,YB,YTTERBIUM (III) ION,?,?
7JWT,YB,YTTERBIUM (III) ION,?,?
7JWU,YB,YTTERBIUM (III) ION,?,?
7JWV,YB,YTTERBIUM (III) ION,?,?
7JWW,YB,YTTERBIUM (III) ION,?,?
7LJI,GD3,GADOLINIUM ION,?,?
7LPZ,SM,SAMARIUM (III) ION,?,?
7LW9,SM,SAMARIUM (III) ION,?,?
7M56,GD,GADOLINIUM ATOM,?,?
7ML9,SM,SAMARIUM (III) ION,?,?
7NX1,TB,TERBIUM(III) ION,?,?
7O6Z,ND,Neodymium Ion,?,?
7O9P,GD,GADOLINIUM ATOM,?,?
7P3H,TB,TERBIUM(III) ION,?,?
7PEO,HO,HOLMIUM ATOM,?,?
7PH2,GD,GADOLINIUM ATOM,?,?
7PH3,GD,GADOLINIUM ATOM,?,?
7PH4,GD,GADOLINIUM ATOM,?,?
7PH7,GD,GADOLINIUM ATOM,?,?
7QB3,LU,LUTETIUM (III) ION,?,?
7R0T,TB,TERBIUM(III) ION,?,?
7TSG,GD,GADOLINIUM ATOM,?,?
7TSH,GD,GADOLINIUM ATOM,?,?
7TSI,GD,GADOLINIUM ATOM,?,?
7TSK,GD,GADOLINIUM ATOM,?,?
7TSL,GD,GADOLINIUM ATOM,?,?
7TSM,GD,GADOLINIUM ATOM,?,?
7TSN,GD,GADOLINIUM ATOM,?,?
7TSO,GD,GADOLINIUM ATOM,?,?
7TSP,GD,GADOLINIUM ATOM,?,?
7UAO,GD,GADOLINIUM ATOM,?,?
7UM9,YB,YTTERBIUM (III) ION,?,?
7VCN,TB,TERBIUM(III) ION,?,?
8A9E,GD,GADOLINIUM ATOM,?,?
8AB2,TB,TERBIUM(III) ION,?,?
8AVA,YB,YTTERBIUM (III) ION,?,?
8AWH,YB,YTTERBIUM (III) ION,?,?
8BHD,TB,TERBIUM(III) ION,?,?
8BL6,TB,TERBIUM(III) ION,?,?
8CH0,GD,GADOLINIUM ATOM,?,?
8CMQ,TB,TERBIUM(III) ION,?,?
8CR8,TB,TERBIUM(III) ION,?,?
8D87,HO,HOLMIUM ATOM,?,?
8DQ2,LA,LANTHANUM (III) ION,?,?
8E0Y,PR,PRASEODYMIUM ION,?,?
8F7N,YB,YTTERBIUM (III) ION,?,?
8FGN,GD,GADOLINIUM ATOM,?,?
8FGO,GD,GADOLINIUM ATOM,?,?
8FGP,GD,GADOLINIUM ATOM,?,?
8FGQ,GD,GADOLINIUM ATOM,?,?
8FGR,GD,GADOLINIUM ATOM,?,?
8FGS,GD,GADOLINIUM ATOM,?,?
8FGT,GD,GADOLINIUM ATOM,?,?
8FGU,GD,GADOLINIUM ATOM,?,?
8FNR,DY,DYSPROSIUM ION,?,?
8FNS,ND,Neodymium Ion,?,?
8OOL,TB,TERBIUM(III) ION,?,?
8OWC,TB,TERBIUM(III) ION,?,?
8PIW,TB,TERBIUM(III) ION,?,?
8POB,TB,TERBIUM(III) ION,?,?
8QOW,YB,YTTERBIUM (III) ION,?,?
8QPN,YB,YTTERBIUM (III) ION,?,?
8QQ4,YB,YTTERBIUM (III) ION,?,?
8R8P,YB3,"2-(8-fluoranyl-2-methyl-imidazo[1,2-a]pyridin-6-yl)-6-(4-methylpiperazin-1-yl)quinazoline",?,?
8RKI,YB,YTTERBIUM (III) ION,?,?
8RX3,YB,YTTERBIUM (III) ION,?,?
8RX7,YB,YTTERBIUM (III) ION,?,?
8RX9,YB,YTTERBIUM (III) ION,?,?
8SNP,SM,SAMARIUM (III) ION,?,?
8T0N,YB,YTTERBIUM (III) ION,?,?
8T0T,YB,YTTERBIUM (III) ION,?,?
8U7C,TB,TERBIUM(III) ION,?,?
8U7C,ER3,ERBIUM (III) ION,?,?
8UFR,GD,GADOLINIUM ATOM,?,?
8UFS,GD,GADOLINIUM ATOM,?,?
8UFT,GD,GADOLINIUM ATOM,?,?
8UFU,GD,GADOLINIUM ATOM,?,?
8UQY,EU3,EUROPIUM (III) ION,?,?
8UQZ,GD3,GADOLINIUM ION,?,?
8UYN,LA,LANTHANUM (III) ION,?,?
8ZST,GD,GADOLINIUM ATOM,?,?
8ZSU,GD,GADOLINIUM ATOM,?,?
9B1V,GD3,GADOLINIUM ION,?,?
9B26,LA,LANTHANUM (III) ION,?,?
9BIF,PR,PRASEODYMIUM ION,?,?
9C1Z,GD,GADOLINIUM ATOM,?,?
9C8X,LA,LANTHANUM (III) ION,?,?
9C8Y,CE,CERIUM (III) ION,?,?
9C8Z,EU,EUROPIUM ION,?,?
9C90,HO3,HOLMIUM (III) ATOM,?,?
9CEQ,LA,LANTHANUM (III) ION,?,?
9CW2,GD3,GADOLINIUM ION,?,?
9CW4,GD3,GADOLINIUM ION,?,?
9CW5,GD3,GADOLINIUM ION,?,?
9CW6,GD3,GADOLINIUM ION,?,?
9CW7,GD3,GADOLINIUM ION,?,?
9CW8,GD,GADOLINIUM ATOM,?,?
9CW9,GD3,GADOLINIUM ION,?,?
9CWD,GD3,GADOLINIUM ION,?,?
9CWI,GD3,GADOLINIUM ION,?,?
9CWJ,GD3,GADOLINIUM ION,?,?
9CWK,GD3,GADOLINIUM ION,?,?
9DE4,ER3,ERBIUM (III) ION,?,?
9EKK,PR,PRASEODYMIUM ION,?,?
9EKM,PR,PRASEODYMIUM ION,?,?
9ER9,EU,EUROPIUM ION,?,?
9KW1,EU,EUROPIUM ION,?,?
9L6D,TB,TERBIUM(III) ION,?,?
9MWN,GD,GADOLINIUM ATOM,?,?
9MWO,GD,GADOLINIUM ATOM,?,?
9MWP,GD,GADOLINIUM ATOM,?,?
9MWQ,GD,GADOLINIUM ATOM,?,?
9MWR,GD,GADOLINIUM ATOM,?,?
9MWS,GD,GADOLINIUM ATOM,?,?
9MWT,GD,GADOLINIUM ATOM,?,?
9MWU,GD,GADOLINIUM ATOM,?,?
9MWV,GD,GADOLINIUM ATOM,?,?
9MWW,GD,GADOLINIUM ATOM,?,?
9MWX,GD,GADOLINIUM ATOM,?,?
9MZ1,GD,GADOLINIUM ATOM,?,?
9MZ2,GD,GADOLINIUM ATOM,?,?
9MZ3,GD,GADOLINIUM ATOM,?,?
9MZ4,GD,GADOLINIUM ATOM,?,?
9P4D,GD3,GADOLINIUM ION,?,?
9P4E,GD3,GADOLINIUM ION,?,?
9Q4X,GD,GADOLINIUM ATOM,?,?
9Q4Y,GD,GADOLINIUM ATOM,?,?
9Q4Z,GD,GADOLINIUM ATOM,?,?
9Q51,GD,GADOLINIUM ATOM,?,?
9Q52,GD,GADOLINIUM ATOM,?,?
9Q53,GD,GADOLINIUM ATOM,?,?
9Q54,GD,GADOLINIUM ATOM,?,?
9Q55,GD,GADOLINIUM ATOM,?,?
9Q58,GD,GADOLINIUM ATOM,?,?
9QUP,TB,TERBIUM(III) ION,?,?
9R0Q,TB,TERBIUM(III) ION,?,?
9SZU,CE,CERIUM (III) ION,?,?
9US6,TB,TERBIUM(III) ION,?,?
