pdb_id,motif_file,ln_element,comp_id,chain,ln_residue_num,ln_x,ln_y,ln_z,coord_residues_4A,water_mols_3A,total_waters_4A,coordinating_aa
1A3C,1A3C_A_183_SM.pdb,Samarium,SM,A,183,-1.315,12.617,7.638,0,2,5,
1A4Z,1A4Z_A_502_SM.pdb,Samarium,SM,A,502,41.951,99.401,4.046,1,1,1,NAD501
1A4Z,1A4Z_B_502_SM.pdb,Samarium,SM,B,502,33.546,110.14,39.94,1,1,1,NAD501
1A4Z,1A4Z_C_502_SM.pdb,Samarium,SM,C,502,103.664,131.366,21.601,1,1,1,NAD501
1A4Z,1A4Z_D_502_SM.pdb,Samarium,SM,D,502,80.008,162.014,22.868,1,1,1,NAD501
1B9X,1B9X_A_341_GD.pdb,Gadolinium,GD,A,341,182.841,109.08,60.865,1,1,3,GLN44
1B9X,1B9X_B_102_GD.pdb,Gadolinium,GD,B,102,160.265,116.943,48.263,2,1,2,ASP542|GLU546
1B9X,1B9X_C_247_GD.pdb,Gadolinium,GD,C,247,198.678,103.2,77.42,2,2,2,GLU218|GLU161
1B9Y,1B9Y_A_341_GD.pdb,Gadolinium,GD,A,341,184.138,110.098,62.38,1,2,3,GLN44
1B9Y,1B9Y_B_101_GD.pdb,Gadolinium,GD,B,101,161.285,117.794,49.482,2,1,3,GLU546|ASP542
1B9Y,1B9Y_B_104_GD.pdb,Gadolinium,GD,B,104,162.706,115.331,46.538,2,2,3,ASP542|GLU546
1B9Y,1B9Y_C_247_GD.pdb,Gadolinium,GD,C,247,199.868,104.085,78.867,2,3,3,GLU218|GLU161
1BIX,1BIX_A_401_SM.pdb,Samarium,SM,A,401,25.434,-10.561,15.802,2,1,1,ASP70|GLU96
1BUU,1BUU_A_222_HO.pdb,Holmium,HO,A,222,97.077,20.446,66.745,5,1,1,ASP161|ASP194|ASP188|GLU193|GLU165
1C5K,1C5K_A_501_YB.pdb,Ytterbium,YB,A,501,21.456,20.047,60.491,1,5,5,ASP337
1DJG,1DJG_A_1_LA.pdb,Lanthanum,LA,A,1,126.508,38.457,21.801,4,1,3,GLU341|GLU390|ASN312|ASP343
1DJG,1DJG_A_2_LA.pdb,Lanthanum,LA,A,2,83.479,34.421,27.141,4,2,3,ASN677|ILE651|ASP653|SER650
1DJG,1DJG_A_3_LA.pdb,Lanthanum,LA,A,3,86.718,36.139,25.559,4,1,2,ASP653|ASP706|TYR707|ASP708
1DJG,1DJG_B_2_LA.pdb,Lanthanum,LA,B,2,46.826,36.513,-48.365,3,2,4,ASN677|ILE651|ASP653
1DJG,1DJG_B_3_LA.pdb,Lanthanum,LA,B,3,50.212,38.096,-47.003,4,1,2,ASP653|ASP706|TYR707|ASP708
1E8X,1E8X_A_3005_LU.pdb,Lutetium,LU,A,3005,29.668,64.902,18.931,3,1,3,ASP964|ASP836|ATP3000
1E8X,1E8X_A_3009_LU.pdb,Lutetium,LU,A,3009,7.579,61.727,24.074,1,1,3,ASP884
1EXZ,1EXZ_B_803_SM.pdb,Samarium,SM,B,803,34.722,60.629,-13.944,2,1,1,ASP337|VAL339
1EXZ,1EXZ_C_801_SM.pdb,Samarium,SM,C,801,3.382,22.913,33.418,2,1,1,ASP458|ASP454
1GA7,1GA7_B_301_GD3.pdb,Gadolinium,GD3,B,301,32.073,35.029,12.722,3,2,2,GLU164|GLU115|GLU112
1GGY,1GGY_A_732_YB.pdb,Ytterbium,YB,A,732,31.261,34.78,22.083,3,2,2,GLU485|GLU490|ASN436
1GW6,1GW6_A_1614_YB.pdb,Ytterbium,YB,A,1614,23.76,48.946,6.133,1,2,2,ASP481
1H19,1H19_A_801_YB.pdb,Ytterbium,YB,A,801,24.109,48.83,6.045,1,3,3,ASP481
1H87,1H87_A_290_GD.pdb,Gadolinium,GD,A,290,0.953,24.562,36.807,1,1,1,DO3284
1H87,1H87_A_291_GD.pdb,Gadolinium,GD,A,291,-1.381,27.838,41.363,1,1,1,DO3285
1HS6,1HS6_A_801_YB.pdb,Ytterbium,YB,A,801,42.669,51.366,99.201,1,1,1,ASP481
1HS6,1HS6_A_803_YB.pdb,Ytterbium,YB,A,803,-10.443,58.443,52.469,1,1,1,GLU107
1IMA,1IMA_A_278_GD.pdb,Gadolinium,GD,A,278,6.539,57.164,8.771,6,2,2,GLU70|IPD279|THR95|ILE92|ASP93|ASP90
1IMA,1IMA_B_278_GD.pdb,Gadolinium,GD,B,278,-12.034,54.426,39.218,5,2,2,ASP90|IPD279|GLU70|THR95|ILE92
1IMB,1IMB_A_278_GD.pdb,Gadolinium,GD,A,278,6.461,56.93,9.005,6,2,2,GLU70|LIP279|THR95|ILE92|ASP93|ASP90
1IMB,1IMB_B_278_GD.pdb,Gadolinium,GD,B,278,-12.034,54.341,39.16,5,2,2,LIP279|ASP90|GLU70|THR95|ILE92
1K0Z,1K0Z_A_201_PR.pdb,Praseodymium,PR,A,201,12.451,47.064,2.887,4,1,1,GLU68|SO4202|GLY56|ASP58
1K0Z,1K0Z_B_203_PR.pdb,Praseodymium,PR,B,203,17.301,59.979,32.776,4,2,2,SO4204|GLY56|ASP58|GLU68
1LT7,1LT7_A_501_SM.pdb,Samarium,SM,A,501,42.705,-0.035,5.137,1,2,3,CIT601
1LT7,1LT7_A_503_SM.pdb,Samarium,SM,A,503,28.559,-6.599,-26.871,0,1,1,
1LT7,1LT7_B_502_SM.pdb,Samarium,SM,B,502,24.896,24.623,-22.67,1,2,2,ARG65
1M3D,1M3D_C_2001_LU.pdb,Lutetium,LU,C,2001,38.315,84.45,-0.864,3,2,3,ASP148|ASP148|GLU149
1M3D,1M3D_F_2002_LU.pdb,Lutetium,LU,F,2002,37.46,83.693,4.419,3,2,2,ASP148|GLU149|ASP148
1M3D,1M3D_I_2003_LU.pdb,Lutetium,LU,I,2003,46.721,45.5,66.867,3,2,2,GLU149|ASP148|ASP148
1M3D,1M3D_L_2004_LU.pdb,Lutetium,LU,L,2004,47.711,49.805,69.897,3,1,2,ASP148|ASP148|GLU149
1M9S,1M9S_A_639_TB.pdb,Terbium,TB,A,639,29.305,44.93,62.3,3,1,3,GLU194|ASN173|GLU150
1MQE,1MQE_A_301_GD3.pdb,Gadolinium,GD3,A,301,21.367,22.914,-0.182,3,2,2,GLU97|APR208|GLU93
1MSB,1MSB_A_1_HO.pdb,Holmium,HO,A,1,17.653,36.11,17.681,5,1,1,GLU165|ASP161|ASP194|GLU193|ASP188
1MSB,1MSB_A_2_HO.pdb,Holmium,HO,A,2,23.081,36.854,24.113,5,1,1,ASN187|ASP206|GLU193|GLU185|ASN205
1MSB,1MSB_B_1_HO.pdb,Holmium,HO,B,1,1.664,78.097,52.769,5,1,1,ASP161|ASP194|GLU193|GLU165|ASP188
1MSB,1MSB_B_2_HO.pdb,Holmium,HO,B,2,8.734,74.358,55.729,5,1,1,ASP206|ASN205|GLU185|GLU193|ASN187
1NC4,1NC4_B_502_GD3.pdb,Gadolinium,GD3,B,502,-9.365,13.719,38.432,1,1,1,DOF500
1NC4,1NC4_D_503_GD3.pdb,Gadolinium,GD3,D,503,49.095,23.269,27.414,1,1,1,DOF501
1NCG,1NCG_A_500_YB.pdb,Ytterbium,YB,A,500,-4.075,15.863,11.668,2,2,2,GLU69|GLU11
1NCH,1NCH_B_600_YB.pdb,Ytterbium,YB,B,600,23.029,64.996,26.125,4,1,1,GLU69|ASP67|GLU11|ASP100
1NCZ,1NCZ_A_163_TB.pdb,Terbium,TB,A,163,-20.41,59.035,2.371,5,1,1,PHE112|ASP106|ASP110|ASN108|GLU117
1NCZ,1NCZ_A_164_TB.pdb,Terbium,TB,A,164,-22.878,49.908,-4.438,5,1,1,GLU153|ASN144|ASP142|ASP146|ARG148
1OKJ,1OKJ_A_1214_GD3.pdb,Gadolinium,GD3,A,1214,29.815,69.968,22.946,0,1,4,
1PSR,1PSR_A_102_HO.pdb,Holmium,HO,A,102,0.94,40.489,26.008,5,1,1,LYS68|ASP66|GLU73|ASN64|ASP62
1PSR,1PSR_B_102_HO.pdb,Holmium,HO,B,102,26.533,40.322,37.96,5,1,1,LYS68|ASN64|ASP62|GLU73|ASP66
1QSL,1QSL_A_1_EU.pdb,Europium,EU,A,1,63.967,32.092,85.946,4,1,1,ASP355|ASP501|GLU357|DC1008
1R14,1R14_A_300_SM.pdb,Samarium,SM,A,300,82.729,36.293,47.078,6,1,1,GLU202|ASP215|GLU195|ASN214|ARG197|GLY198
1SOI,1SOI_A_301_SM.pdb,Samarium,SM,A,301,15.679,10.33,32.264,2,2,2,GLU65|GLU68
1SOI,1SOI_A_302_SM.pdb,Samarium,SM,A,302,0.203,-5.801,16.295,2,3,3,ARG150|ASP147
1SOI,1SOI_A_303_SM.pdb,Samarium,SM,A,303,19.692,-11.511,34.278,3,1,1,ARG86|GLU12|GLY90
1SQM,1SQM_A_2001_YB.pdb,Ytterbium,YB,A,2001,24.162,-38.109,6.286,1,2,2,ASP47
1UZP,1UZP_A_2649_SM.pdb,Samarium,SM,A,2649,26.41,23.139,29.655,6,1,1,SER1628|GLU1609|THR1625|ASP1606|ASN1624|ILE1607
1V8M,1V8M_A_300_GD.pdb,Gadolinium,GD,A,300,-9.753,15.614,25.117,5,2,2,GLU86|APR619|ALA66|GLU82|GLY67
1V8M,1V8M_A_301_GD.pdb,Gadolinium,GD,A,301,-7.02,15.07,22.645,4,2,3,APR619|GLU82|GLU85|ARG81
1V8M,1V8M_A_303_GD.pdb,Gadolinium,GD,A,303,-9.626,19.138,7.513,1,1,1,GLU122
1W6Z,1W6Z_A_1130_HO3.pdb,Holmium,HO3,A,1130,16.29,48.023,12.159,2,2,2,ASN46|ASP52
1W6Z,1W6Z_A_1131_HO3.pdb,Holmium,HO3,A,1131,14.273,39.071,25.554,1,1,1,ASP101
1XR5,1XR5_A_901_SM.pdb,Samarium,SM,A,901,-14.572,58.86,11.495,3,2,2,ASP233|ASP328|ASP327
1YTT,1YTT_A_1_YB.pdb,Ytterbium,YB,A,1,17.487,35.616,17.482,5,1,1,GLU165|ASP161|ASP194|GLU193|ASP188
1YTT,1YTT_A_2_YB.pdb,Ytterbium,YB,A,2,22.822,36.352,23.933,5,1,1,ASN187|ASP206|GLU193|GLU185|ASN205
1YTT,1YTT_B_1_YB.pdb,Ytterbium,YB,B,1,1.533,77.306,52.507,5,1,1,ASP161|ASP194|GLU193|GLU165|ASP188
1YTT,1YTT_B_2_YB.pdb,Ytterbium,YB,B,2,8.481,73.682,55.53,5,2,2,ASP206|ASN205|GLU185|GLU193|ASN187
1YZR,1YZR_A_381_SM.pdb,Samarium,SM,A,381,59.473,30.758,33.844,5,3,3,HEM396|GLU39|GLU35|ASP179|GOL402
1Z1Y,1Z1Y_A_183_YB.pdb,Ytterbium,YB,A,183,-2.158,27.792,19.437,2,1,1,ASP125|GLU126
1Z1Y,1Z1Y_B_182_YB.pdb,Ytterbium,YB,B,182,29.158,19.11,7.271,1,1,1,ASP82
2ANV,2ANV_A_2902_SM.pdb,Samarium,SM,A,2902,66.438,8.939,11.754,2,1,1,GLN65|GLU62
2ANV,2ANV_A_2904_SM.pdb,Samarium,SM,A,2904,61.45,1.248,22.621,2,1,1,GLU54|GLU58
2ANV,2ANV_B_2901_SM.pdb,Samarium,SM,B,2901,34.883,-5.149,-4.603,2,2,2,ASP131|ASP129
2ANX,2ANX_A_2802_SM.pdb,Samarium,SM,A,2802,61.45,1.27,22.621,2,1,1,GLU54|GLU58
2ANX,2ANX_B_2801_SM.pdb,Samarium,SM,B,2801,56.463,8.95,33.488,1,4,4,GLN65
2ANX,2ANX_B_2803_SM.pdb,Samarium,SM,B,2803,23.77,-5.137,40.639,2,2,2,ASP131|ASP129
2BPU,2BPU_A_1134_HO.pdb,Holmium,HO,A,1134,20.895,20.998,-0.027,1,1,1,LEU129
2BPU,2BPU_A_1135_HO.pdb,Holmium,HO,A,1135,25.454,-0.681,25.14,1,4,5,ASP101
2BPU,2BPU_A_1136_HO.pdb,Holmium,HO,A,1136,23.805,-9.094,11.112,1,5,6,ASP52
2F1R,2F1R_B_174_PR.pdb,Praseodymium,PR,B,174,7.418,78.281,54.833,0,1,10,
2FBY,2FBY_A_237_EU3.pdb,Europium,EU3,A,237,-5.532,35.406,3.788,4,1,3,ARG196|ASP216|GLU84|ASP82
2FBY,2FBY_A_238_EU3.pdb,Europium,EU3,A,238,-6.871,36.709,6.678,1,2,3,ASP82
2HHM,2HHM_A_1_GD.pdb,Gadolinium,GD,A,1,5.714,56.386,9.027,5,2,2,GLU70|THR95|SO4278|ILE92|ASP90
2HHM,2HHM_B_1_GD.pdb,Gadolinium,GD,B,1,-11.281,53.92,38.793,5,2,2,SO4278|ASP90|GLU70|THR95|ILE92
2HYZ,2HYZ_A_706_SM.pdb,Samarium,SM,A,706,-6.755,44.458,46.994,2,1,1,ASP120|GLU121
2HYZ,2HYZ_A_707_SM.pdb,Samarium,SM,A,707,27.837,38.102,19.687,2,3,3,GLU19|ASP18
2HYZ,2HYZ_A_708_SM.pdb,Samarium,SM,A,708,19.434,50.588,28.438,2,1,1,GLU53|ASP52
2IF5,2IF5_A_128_PR.pdb,Praseodymium,PR,A,128,-31.411,-24.732,-23.313,0,5,5,
2IF5,2IF5_A_129_PR.pdb,Praseodymium,PR,A,129,2.1,-43.773,-9.111,2,1,2,SER21|GLU25
2IF5,2IF5_A_130_PR.pdb,Praseodymium,PR,A,130,-27.901,-23.895,-25.319,1,3,3,ASP127
2ISN,2ISN_A_522_PR.pdb,Praseodymium,PR,A,522,0.912,33.961,17.4,3,3,3,ASP277|ASP323|ASP50
2ISN,2ISN_B_422_PR.pdb,Praseodymium,PR,B,422,18.27,50.004,-8.032,3,4,4,ASP323|ASP50|ASP277
2O3H,2O3H_A_400_SM.pdb,Samarium,SM,A,400,30.138,3.314,9.935,2,2,2,GLU216|GLU217
2O3H,2O3H_A_401_SM.pdb,Samarium,SM,A,401,19.568,23.906,23.411,2,4,4,GLU96|ASP70
2OLC,2OLC_A_400_HO.pdb,Holmium,HO,A,400,74.41,29.025,15.653,2,2,2,ADP999|ASP250
2OLC,2OLC_A_401_HO.pdb,Holmium,HO,A,401,72.305,25.897,14.113,3,2,2,GLU252|ASP250|ADP999
2OLC,2OLC_B_400_HO.pdb,Holmium,HO,B,400,71.506,-21.986,10.784,2,2,2,ADP999|ASP250
2OLC,2OLC_B_401_HO.pdb,Holmium,HO,B,401,69.738,-18.728,12.047,3,1,2,GLU252|ADP999|ASP250
2OQR,2OQR_A_301_LA.pdb,Lanthanum,LA,A,301,38.27,-29.17,4.918,3,5,5,ASP86|TYR98|ASP97
2OQR,2OQR_A_302_LA.pdb,Lanthanum,LA,A,302,44.886,-6.509,-0.55,2,5,5,ASP180|ASP186
2OQR,2OQR_A_303_LA.pdb,Lanthanum,LA,A,303,19.803,-48.457,18.37,2,3,3,ASP15|GLU11
2OQR,2OQR_A_304_LA.pdb,Lanthanum,LA,A,304,22.191,-47.239,21.672,1,2,2,GLU11
2OQR,2OQR_A_305_LA.pdb,Lanthanum,LA,A,305,32.619,-41.655,11.974,4,3,3,ASP52|MET54|ASP9|GLU84
2P1X,2P1X_A_500_EU3.pdb,Europium,EU3,A,500,12.348,21.352,13.169,1,5,5,GLU33
2P1X,2P1X_A_501_EU3.pdb,Europium,EU3,A,501,17.859,22.176,10.746,2,4,4,ASP31|ASP29
2P1X,2P1X_A_502_EU3.pdb,Europium,EU3,A,502,2.67,15.748,42.651,2,2,3,GLU55|ASP3
2P1X,2P1X_A_504_EU3.pdb,Europium,EU3,A,504,12.721,35.024,18.234,2,2,2,GLU19|ASP23
2QMI,2QMI_A_448_LU.pdb,Lutetium,LU,A,448,88.737,25.417,61.517,0,5,8,
2QMI,2QMI_A_449_LU.pdb,Lutetium,LU,A,449,91.482,36.914,82.979,0,1,2,
2QMI,2QMI_B_448_LU.pdb,Lutetium,LU,B,448,14.173,53.206,62.178,0,2,5,
2QMI,2QMI_B_449_LU.pdb,Lutetium,LU,B,449,25.221,51.511,83.502,0,2,3,
2QMI,2QMI_C_448_LU.pdb,Lutetium,LU,C,448,42.031,129.16,61.015,0,4,5,
2QMI,2QMI_C_449_LU.pdb,Lutetium,LU,C,449,39.267,118.879,81.668,0,3,4,
2QMI,2QMI_D_448_LU.pdb,Lutetium,LU,D,448,116.719,101.488,61.29,0,1,2,
2QMI,2QMI_D_449_LU.pdb,Lutetium,LU,D,449,105.66,102.26,82.831,0,2,2,
2QMI,2QMI_E_449_LU.pdb,Lutetium,LU,E,449,102.873,48.673,-21.667,0,2,2,
2QMI,2QMI_F_449_LU.pdb,Lutetium,LU,F,449,94.404,114.618,-22.293,0,4,9,
2QMI,2QMI_G_448_LU.pdb,Lutetium,LU,G,448,15.643,104.3,-0.458,1,1,1,DO3451
2QMI,2QMI_G_449_LU.pdb,Lutetium,LU,G,449,27.078,105.827,-22.122,0,1,2,
2QMI,2QMI_G_450_LU.pdb,Lutetium,LU,G,450,25.728,73.3,12.904,0,2,8,
2R59,2R59_A_705_YB.pdb,Ytterbium,YB,A,705,24.123,49.039,6.026,1,2,2,ASP481
2TCL,2TCL_A_171_SM.pdb,Samarium,SM,A,171,61.569,4.199,0.003,3,2,3,ASP24|GLU99|GLU101
2TRC,2TRC_B_341_GD.pdb,Gadolinium,GD,B,341,182.191,63.284,60.114,1,1,3,GLN44
2TRC,2TRC_P_1_GD.pdb,Gadolinium,GD,P,1,197.922,56.873,76.171,2,2,2,GLU218|GLU161
2TRC,2TRC_P_2_GD.pdb,Gadolinium,GD,P,2,197.58,60.908,50.885,1,1,1,GLU206
2TRC,2TRC_P_3_GD.pdb,Gadolinium,GD,P,3,198.923,63.394,54.14,1,2,2,GLU206
2V15,2V15_A_1174_TB.pdb,Terbium,TB,A,1174,4.24,113.967,10.992,4,3,3,CL1173|GLU78|HIS46|ASP74
2V15,2V15_B_1174_TB.pdb,Terbium,TB,B,1174,6.207,146.389,-21.92,4,3,3,ASP74|CL1175|GLU78|HIS47
2V15,2V15_C_1172_TB.pdb,Terbium,TB,C,1172,5.772,129.957,26.646,4,3,3,ASP73|GLU77|HIS47|CL1173
2V15,2V15_D_1173_TB.pdb,Terbium,TB,D,1173,2.46,162.058,-6.412,4,3,3,HIS47|ASP74|CL1174|GLU78
2V15,2V15_E_1175_TB.pdb,Terbium,TB,E,1175,16.942,123.175,-14.545,4,3,3,HIS47|ASP74|GLU78|CL1176
2V15,2V15_F_1173_TB.pdb,Terbium,TB,F,1173,14.621,154.108,19.765,3,4,4,ASP74|HIS47|GLU78
2V15,2V15_G_1173_TB.pdb,Terbium,TB,G,1173,-5.235,120.27,-13.174,4,3,3,GLU78|HIS47|CL1174|ASP74
2V15,2V15_H_1173_TB.pdb,Terbium,TB,H,1173,-7.641,154.919,17.278,3,4,4,GLU78|ASP74|HIS47
2V15,2V15_I_1174_TB.pdb,Terbium,TB,I,1174,27.792,132.385,11.812,4,3,3,GLU78|ASP74|CL1175|HIS47
2V15,2V15_J_1174_TB.pdb,Terbium,TB,J,1174,-18.176,128.29,8.736,3,4,4,HIS47|GLU78|ASP74
2V15,2V15_K_1173_TB.pdb,Terbium,TB,K,1173,27.611,145.902,-5.923,4,3,3,HIS47|CL1173|GLU78|ASP74
2V15,2V15_L_1173_TB.pdb,Terbium,TB,L,1173,-18.577,145.73,-5.273,4,3,3,ASP74|GLU78|CL1173|HIS47
2VJ8,2VJ8_A_1612_YB.pdb,Ytterbium,YB,A,1612,42.57,51.148,99.557,1,3,3,ASP481
2VJ8,2VJ8_A_1613_YB.pdb,Ytterbium,YB,A,1613,-10.555,57.983,52.472,1,3,3,GLU107
2VJ8,2VJ8_A_1617_YB.pdb,Ytterbium,YB,A,1617,-13.997,57.014,52.261,0,1,1,
2VSY,2VSY_A_1571_PR.pdb,Praseodymium,PR,A,1571,-39.9,-23.314,16.251,1,3,3,GLU364
2VSY,2VSY_A_1572_PR.pdb,Praseodymium,PR,A,1572,-44.529,-28.467,24.225,2,1,1,PEG1570|ASP455
2VSY,2VSY_B_1572_PR.pdb,Praseodymium,PR,B,1572,49.333,-9.646,-0.309,1,2,4,HIS530
2VXB,2VXB_A_1259_PR.pdb,Praseodymium,PR,A,1259,-19.261,36.211,-29.91,2,2,2,ASP22|ASP21
2VXC,2VXC_A_1779_PR.pdb,Praseodymium,PR,A,1779,-35.144,33.58,-2.945,2,1,1,ASP542|ASP541
2VZY,2VZY_D_1217_SM.pdb,Samarium,SM,D,1217,-10.797,67.761,55.905,2,1,1,FLC1214|FLC1215
2WVI,2WVI_A_1222_PR.pdb,Praseodymium,PR,A,1222,7.944,37.18,73.062,2,1,1,ACT1223|GLU215
2X3L,2X3L_A_1446_SM.pdb,Samarium,SM,A,1446,-15.561,-29.085,-19.862,2,1,1,GLU421|ASN418
2X3L,2X3L_A_1448_SM.pdb,Samarium,SM,A,1448,-16.176,-24.309,35.857,1,2,2,ASP351
2X6C,2X6C_A_1302_SM.pdb,Samarium,SM,A,1302,6.084,-55.169,-79.893,2,1,1,ASP175|THR244
2X6C,2X6C_A_1303_SM.pdb,Samarium,SM,A,1303,21.609,-42.246,-59.759,1,1,3,ASP40
2Y9W,2Y9W_A_402_HO.pdb,Holmium,HO,A,402,6.105,52.228,92.276,3,2,3,ASP353|ASP336|GLN351
2Y9W,2Y9W_A_403_HO.pdb,Holmium,HO,A,403,1.463,53.267,94.52,2,2,3,ASP353|GLU335
2Y9W,2Y9W_A_404_HO.pdb,Holmium,HO,A,404,-8.7,43.43,66.873,1,2,2,GLU16
2Y9W,2Y9W_B_402_HO.pdb,Holmium,HO,B,402,0.435,46.271,40.707,3,2,2,ASP336|ASP353|GLN351
2Y9X,2Y9X_C_402_HO.pdb,Holmium,HO,C,402,-5.491,-6.545,-96.3,4,1,1,GLN351|ASP336|ASP353|ASP312
2Y9X,2Y9X_D_402_HO.pdb,Holmium,HO,D,402,-4.627,5.045,-96.382,4,1,1,ASP312|ASP353|ASP336|GLN351
2YEU,2YEU_A_1151_GD.pdb,Gadolinium,GD,A,1151,20.236,46.67,5.134,5,3,3,GOL1148|ASP82|GLU47|GLU79|GLU50
2YEU,2YEU_B_1152_GD.pdb,Gadolinium,GD,B,1152,27.53,34.809,23.314,4,3,3,GLU79|ASP82|GLU47|GLU50
2YEU,2YEU_C_1149_GD.pdb,Gadolinium,GD,C,1149,54.306,29.539,50.722,5,3,3,ASP82|GLU47|GLU79|GOL1148|GLU50
2YEU,2YEU_D_1153_GD.pdb,Gadolinium,GD,D,1153,40.385,28.6,32.332,5,3,3,ASP82|GOL1148|GLU79|GLU47|GLU50
2YEU,2YEU_E_1150_GD.pdb,Gadolinium,GD,E,1150,2.926,38.738,60.288,4,3,3,GLU79|ASP82|GLU50|GLU47
2YEU,2YEU_F_1150_GD.pdb,Gadolinium,GD,F,1150,12.035,49.135,78.927,5,3,3,ASP82|GLU47|GLU50|GOL1148|GLU79
2YZW,2YZW_A_501_GD3.pdb,Gadolinium,GD3,A,501,-3.883,13.143,-8.555,4,2,3,THR254|ASP251|ASP253|GLU29
2YZW,2YZW_A_502_GD3.pdb,Gadolinium,GD3,A,502,-0.554,13.702,-6.894,4,2,3,ASP253|ASP57|ASP58|THR56
2ZNR,2ZNR_A_437_PR.pdb,Praseodymium,PR,A,437,-11.309,24.4,16.147,1,4,4,ASP427
3AKC,3AKC_A_211_GD.pdb,Gadolinium,GD,A,211,-6.139,33.667,20.142,3,4,4,ADP210|SER16|CDP209
3B7R,3B7R_L_801_YB.pdb,Ytterbium,YB,L,801,23.82,48.876,6.242,1,4,4,ASP481
3B7S,3B7S_A_803_YB.pdb,Ytterbium,YB,A,803,23.961,49.109,6.23,2,3,3,ACY804|ASP481
3B7T,3B7T_A_702_YB.pdb,Ytterbium,YB,A,702,24.721,49.326,6.117,1,1,1,ASP481
3B7U,3B7U_X_702_YB.pdb,Ytterbium,YB,X,702,24.136,48.922,6.086,2,2,2,ACY706|ASP481
3B7U,3B7U_X_703_YB.pdb,Ytterbium,YB,X,703,15.115,9.112,-22.751,1,1,1,ASP610
3CHO,3CHO_A_801_YB.pdb,Ytterbium,YB,A,801,23.935,48.968,6.139,2,3,3,ACT820|ASP481
3CHP,3CHP_A_801_YB.pdb,Ytterbium,YB,A,801,43.101,51.437,99.379,1,1,1,ASP481
3CHQ,3CHQ_A_801_YB.pdb,Ytterbium,YB,A,801,42.851,51.365,100.583,1,3,3,ASP481
3CHR,3CHR_A_612_YB.pdb,Ytterbium,YB,A,612,42.753,51.585,98.576,1,2,2,ASP481
3CHS,3CHS_A_801_YB.pdb,Ytterbium,YB,A,801,42.968,51.438,99.345,1,1,1,ASP481
3CQR,3CQR_A_401_GD.pdb,Gadolinium,GD,A,401,29.721,92.594,56.391,3,1,2,GLU81|PHE82|ARG237
3EEU,3EEU_A_154_HO.pdb,Holmium,HO,A,154,38.461,44.127,78.732,2,1,2,GLU70|GLU73
3EEU,3EEU_B_155_HO.pdb,Holmium,HO,B,155,30.07,17.642,59.356,2,3,4,GLU73|GLU70
3FH5,3FH5_A_1002_YB.pdb,Ytterbium,YB,A,1002,23.849,-48.981,-6.074,2,3,3,ACT1005|ASP481
3FH7,3FH7_A_1002_YB.pdb,Ytterbium,YB,A,1002,24.008,38.071,-6.06,2,3,3,ACT611|ASP481
3FH8,3FH8_A_1002_YB.pdb,Ytterbium,YB,A,1002,24.129,38.227,-6.095,2,3,3,ACT1006|ASP481
3FH8,3FH8_A_1003_YB.pdb,Ytterbium,YB,A,1003,56.308,104.099,3.05,1,3,4,ASP175
3FH8,3FH8_A_1005_YB.pdb,Ytterbium,YB,A,1005,15.092,78.02,22.918,1,2,2,ASP610
3FHE,3FHE_A_1002_YB.pdb,Ytterbium,YB,A,1002,24.064,37.989,-5.985,2,3,3,ACT1005|ASP481
3FHE,3FHE_A_1003_YB.pdb,Ytterbium,YB,A,1003,56.035,103.704,3.103,1,2,2,ASP175
3FHE,3FHE_A_611_YB.pdb,Ytterbium,YB,A,611,23.943,96.174,-26.904,1,2,4,ASP426
3FOU,3FOU_A_205_PR.pdb,Praseodymium,PR,A,205,-18.133,-20.692,3.976,1,2,3,GLU66
3FOU,3FOU_A_206_PR.pdb,Praseodymium,PR,A,206,-22.408,-28.156,-34.299,3,1,1,ACT213|GLU111|ASP109
3FOU,3FOU_A_207_PR.pdb,Praseodymium,PR,A,207,-1.187,-27.438,-29.533,2,1,2,GLN119|GLU116
3FOU,3FOU_A_208_PR.pdb,Praseodymium,PR,A,208,-21.388,-19.432,-32.985,2,2,2,GLU112|GLU147
3FOU,3FOU_B_210_PR.pdb,Praseodymium,PR,B,210,-18.957,19.953,-7.321,1,1,2,GLU183
3FTS,3FTS_A_702_YB.pdb,Ytterbium,YB,A,702,-23.937,48.909,-6.101,2,2,3,ASP481|ACT801
3FTU,3FTU_A_702_YB.pdb,Ytterbium,YB,A,702,23.752,-48.984,-5.962,2,2,3,ACT801|ASP481
3FTV,3FTV_A_702_YB.pdb,Ytterbium,YB,A,702,-24.03,-48.946,6.042,1,2,2,ASP481
3FTW,3FTW_A_702_YB.pdb,Ytterbium,YB,A,702,15.198,-48.92,6.051,2,3,3,ASP481|ACT802
3FTX,3FTX_A_702_YB.pdb,Ytterbium,YB,A,702,15.432,-48.894,6.088,2,2,2,ASP481|ACT801
3FTY,3FTY_A_702_YB.pdb,Ytterbium,YB,A,702,23.767,48.934,6.198,3,1,1,ACT801|ASP481|ACT803
3FTZ,3FTZ_A_702_YB.pdb,Ytterbium,YB,A,702,23.785,48.999,6.163,3,1,1,ACT801|ASP481|ACT802
3FU0,3FU0_A_702_YB.pdb,Ytterbium,YB,A,702,24.091,-49.024,-5.98,1,4,4,ASP481
3FU0,3FU0_A_703_YB.pdb,Ytterbium,YB,A,703,56.219,16.87,3.038,1,2,3,ASP175
3FU3,3FU3_A_702_YB.pdb,Ytterbium,YB,A,702,-14.357,48.945,5.739,2,2,2,ACT801|ASP481
3FU6,3FU6_A_702_YB.pdb,Ytterbium,YB,A,702,23.845,48.95,6.161,2,2,2,ACT801|ASP481
3FUE,3FUE_A_702_YB.pdb,Ytterbium,YB,A,702,24.141,-48.845,-6.006,1,1,1,ASP481
3FUF,3FUF_A_702_YB.pdb,Ytterbium,YB,A,702,14.992,-48.946,6.015,1,2,2,ASP481
3FUH,3FUH_A_702_YB.pdb,Ytterbium,YB,A,702,23.982,38.236,-6.043,1,4,4,ASP481
3FUI,3FUI_A_701_YB.pdb,Ytterbium,YB,A,701,15.108,38.003,5.989,1,1,2,ASP47
3FUJ,3FUJ_A_702_YB.pdb,Ytterbium,YB,A,702,-23.93,-49.147,6.149,2,1,1,ASP481|ACT801
3FUK,3FUK_A_702_YB.pdb,Ytterbium,YB,A,702,-24.167,-49.042,6.071,1,2,2,ASP481
3FUM,3FUM_A_702_YB.pdb,Ytterbium,YB,A,702,-23.894,49.053,-6.057,2,3,3,ASP481|ACT801
3FUN,3FUN_A_702_YB.pdb,Ytterbium,YB,A,702,-23.839,-49.039,6.118,2,3,3,ASP481|ACT801
3LGR,3LGR_A_203_EU.pdb,Europium,EU,A,203,42.799,25.733,-2.237,0,2,5,
3MVC,3MVC_A_1_PR.pdb,Praseodymium,PR,A,1,27.068,2.701,30.148,2,1,1,GLU284|GLU349
3MVC,3MVC_A_2_PR.pdb,Praseodymium,PR,A,2,11.962,0.021,36.468,3,4,4,PRO289|NO3141|ARG355
3MVC,3MVC_A_3_PR.pdb,Praseodymium,PR,A,3,30.235,1.086,30.822,2,1,1,GLU284|GLU281
3MVC,3MVC_B_4_PR.pdb,Praseodymium,PR,B,4,10.113,2.278,87.747,2,1,1,NO3146|PRO289
3Q4I,3Q4I_A_301_GD3.pdb,Gadolinium,GD3,A,301,60.587,-10.172,57.22,3,1,1,GLU112|GLY96|GLU116
3Q4I,3Q4I_B_302_GD3.pdb,Gadolinium,GD3,B,302,38.297,10.189,44.473,3,1,2,GLY96|GLU116|GLU112
3Q4I,3Q4I_B_303_GD3.pdb,Gadolinium,GD3,B,303,41.623,13.464,40.741,2,1,4,GLU163|GLU30
3Q8K,3Q8K_A_1001_SM.pdb,Samarium,SM,A,1001,16.123,-11.857,3.056,4,3,3,GLU158|GLU160|ASP86|DT2
3Q8K,3Q8K_A_1002_SM.pdb,Samarium,SM,A,1002,17.694,-15.16,1.345,6,1,2,ASP181|ASP179|OH347|GLU160|DT2|GLY2
3Q8K,3Q8K_A_1003_SM.pdb,Samarium,SM,A,1003,17.0,12.749,22.608,2,3,3,GLU313|GLU57
3Q8K,3Q8K_A_1004_SM.pdb,Samarium,SM,A,1004,15.575,9.109,21.407,3,2,3,GLU313|GLU59|GLU57
3Q8L,3Q8L_A_1001_SM.pdb,Samarium,SM,A,1001,15.811,-11.759,3.139,4,4,5,GLU160|GLU158|ASP86|SO41201
3Q8L,3Q8L_A_1002_SM.pdb,Samarium,SM,A,1002,18.159,-15.229,1.177,5,3,4,GLU160|ASP181|ASP233|SO41201|ASP179
3Q8L,3Q8L_A_1003_SM.pdb,Samarium,SM,A,1003,17.009,12.818,22.491,2,3,3,GLU313|GLU57
3Q8L,3Q8L_A_1004_SM.pdb,Samarium,SM,A,1004,15.601,9.152,21.308,3,3,3,GLU313|GLU59|GLU57
3R79,3R79_A_243_PR.pdb,Praseodymium,PR,A,243,31.776,131.601,-0.51,3,3,4,GLU9|GLU204|GLU5
3R79,3R79_B_243_PR.pdb,Praseodymium,PR,B,243,14.866,131.729,-6.569,2,2,3,PLP258|ACT244
3TOR,3TOR_A_2_EU.pdb,Europium,EU,A,2,-8.048,-1.255,-32.621,3,5,6,HEC6|HEC5|PRO91
3TOR,3TOR_A_479_EU.pdb,Europium,EU,A,479,-14.893,-27.613,-33.008,2,2,2,HEC7|HEC7
3TOR,3TOR_B_2_EU.pdb,Europium,EU,B,2,7.634,1.321,-1.351,3,5,6,PRO91|HEC5|HEC6
3TOR,3TOR_B_479_EU.pdb,Europium,EU,B,479,14.9,27.685,-1.613,2,2,2,HEC7|HEC7
3TOR,3TOR_C_2_EU.pdb,Europium,EU,C,2,26.866,34.896,-25.188,3,5,6,PRO91|HEC6|HEC5
3TOR,3TOR_C_479_EU.pdb,Europium,EU,C,479,-7.177,30.465,-29.33,2,5,5,ASP457|GLU190
3TOR,3TOR_D_2_EU.pdb,Europium,EU,D,2,-26.625,-34.926,-56.555,3,4,5,PRO91|HEC5|HEC6
3U3L,3U3L_C_234_PR.pdb,Praseodymium,PR,C,234,32.494,13.299,10.422,3,2,2,CIT236|GLU34|CIT235
3U3N,3U3N_C_301_PR.pdb,Praseodymium,PR,C,301,-32.459,-13.319,10.491,3,2,2,CIT302|CIT303|GLU34
3U9W,3U9W_A_2002_YB.pdb,Ytterbium,YB,A,2002,23.761,48.76,6.342,2,3,3,ACT1|ASP1481
3U9W,3U9W_A_1611_YB.pdb,Ytterbium,YB,A,1611,25.163,-12.703,25.189,0,4,4,
3U9W,3U9W_A_2_YB.pdb,Ytterbium,YB,A,2,24.92,-9.987,27.484,0,4,5,
3U9W,3U9W_A_3_YB.pdb,Ytterbium,YB,A,3,55.916,-16.9,-3.571,1,3,5,ASP1175
3U9W,3U9W_A_4_YB.pdb,Ytterbium,YB,A,4,45.575,-19.349,-19.922,3,2,4,ARG1024|GLU1182|IMD186
3U9W,3U9W_A_5_YB.pdb,Ytterbium,YB,A,5,31.096,-29.796,-22.362,1,1,1,GLU1070
3U9W,3U9W_A_7_YB.pdb,Ytterbium,YB,A,7,24.018,-9.092,27.029,1,2,5,ASP1426
3UKJ,3UKJ_A_402_PR.pdb,Praseodymium,PR,A,402,35.192,79.912,-14.429,2,5,5,THR327|GLU334
3VDZ,3VDZ_A_202_GD.pdb,Gadolinium,GD,A,202,19.623,-13.201,103.73,5,1,1,ASP88|ASP90|GLU97|ASP86|SER92
3VDZ,3VDZ_B_202_GD.pdb,Gadolinium,GD,B,202,-21.209,10.389,44.959,5,1,1,ASP88|GLU97|ASP90|SER92|ASP86
3VX0,3VX0_A_1002_GD.pdb,Gadolinium,GD,A,1002,23.638,32.261,25.829,2,3,3,ASP233|ASP235
3VX0,3VX0_A_1003_GD.pdb,Gadolinium,GD,A,1003,23.87,30.737,27.326,2,2,3,ASP233|GLU156
3VX0,3VX0_A_1004_GD.pdb,Gadolinium,GD,A,1004,30.962,35.56,10.113,2,5,5,SER281|ASP282
3VX0,3VX0_A_1005_GD.pdb,Gadolinium,GD,A,1005,-11.507,18.674,2.669,1,4,7,ASP50
3VX0,3VX0_A_1006_GD.pdb,Gadolinium,GD,A,1006,-13.72,12.181,13.29,1,7,7,ASP47
3VX0,3VX0_A_1007_GD.pdb,Gadolinium,GD,A,1007,12.183,22.158,25.77,3,3,4,ASP206|GLU230|THR207
3ZTY,3ZTY_B_261_GD.pdb,Gadolinium,GD,B,261,13.517,55.932,34.713,4,1,3,ASP202|ASP6|ASP8|CL264
3ZTY,3ZTY_B_263_GD.pdb,Gadolinium,GD,B,263,11.849,58.878,32.866,3,1,3,SER203|ASP202|GLU14
4AFI,4AFI_A_1000_PR.pdb,Praseodymium,PR,A,1000,22.356,-49.986,-12.416,6,2,2,ASN102|ASP121|ASP45|ASP122|LYS49|ASP120
4AFI,4AFI_B_1000_PR.pdb,Praseodymium,PR,B,1000,18.249,-35.52,-32.301,4,2,2,GLU52|ASP120|ASP122|ASP121
4AFP,4AFP_A_1348_SM.pdb,Samarium,SM,A,1348,57.981,46.042,-30.54,4,2,3,ASP220|ASP190|ASP173|ASP189
4AHW,4AHW_A_1272_GD.pdb,Gadolinium,GD,A,1272,40.657,69.313,45.211,5,3,3,ASP161|ASN224|TRP228|ASP160|VAL226
4AHW,4AHW_A_1273_GD.pdb,Gadolinium,GD,A,1273,41.153,76.277,28.88,2,4,6,ASP245|ASP78
4AHW,4AHW_A_1274_GD.pdb,Gadolinium,GD,A,1274,40.302,77.841,34.515,2,4,5,ASP125|ASP82
4AHW,4AHW_A_1275_GD.pdb,Gadolinium,GD,A,1275,37.547,79.304,32.886,1,3,3,ASP125
4AHW,4AHW_A_1276_GD.pdb,Gadolinium,GD,A,1276,40.291,79.328,31.292,0,7,9,
4AHW,4AHW_A_1277_GD.pdb,Gadolinium,GD,A,1277,43.466,79.165,29.108,0,4,8,
4AHW,4AHW_A_1278_GD.pdb,Gadolinium,GD,A,1278,40.014,79.698,27.514,1,5,5,ASP78
4AHW,4AHW_A_1279_GD.pdb,Gadolinium,GD,A,1279,41.473,81.13,34.275,1,5,7,ASP125
4AHW,4AHW_A_1280_GD.pdb,Gadolinium,GD,A,1280,52.823,58.48,19.652,1,3,4,GLU236
4AHW,4AHW_A_1281_GD.pdb,Gadolinium,GD,A,1281,17.264,69.892,23.554,1,3,3,GLU179
4AHW,4AHW_A_1282_GD.pdb,Gadolinium,GD,A,1282,22.299,50.567,23.447,2,3,3,GLU174|SER170
4AHW,4AHW_A_1283_GD.pdb,Gadolinium,GD,A,1283,47.556,75.486,36.97,0,3,6,
4AHX,4AHX_A_1272_GD.pdb,Gadolinium,GD,A,1272,40.65,66.773,45.576,5,4,4,ASP161|ASP160|ASN224|TRP228|VAL226
4AHX,4AHX_A_1273_GD.pdb,Gadolinium,GD,A,1273,41.415,74.135,29.2,2,6,6,ASP245|ASP78
4AHX,4AHX_A_1274_GD.pdb,Gadolinium,GD,A,1274,40.73,75.818,35.478,3,3,4,ACT1282|ASP125|ASP82
4AHX,4AHX_A_1275_GD.pdb,Gadolinium,GD,A,1275,37.759,77.408,33.419,2,6,7,ACT1282|ASP125
4AHX,4AHX_A_1276_GD.pdb,Gadolinium,GD,A,1276,52.287,56.259,20.826,1,3,3,GLU236
4AHX,4AHX_A_1277_GD.pdb,Gadolinium,GD,A,1277,17.414,68.286,23.848,2,5,5,ASP255|GLU179
4AHX,4AHX_A_1278_GD.pdb,Gadolinium,GD,A,1278,22.137,49.047,23.592,2,5,5,GLU174|SER170
4AHX,4AHX_A_1279_GD.pdb,Gadolinium,GD,A,1279,47.749,72.183,38.648,1,4,6,GLU99
4AHY,4AHY_A_1272_GD.pdb,Gadolinium,GD,A,1272,40.343,66.592,45.494,4,1,1,ASP161|ASN224|TRP228|VAL226
4AHZ,4AHZ_A_1272_GD.pdb,Gadolinium,GD,A,1272,40.506,67.986,45.461,5,4,4,ASP161|ASN224|TRP228|ASP160|VAL226
4AHZ,4AHZ_A_1273_GD.pdb,Gadolinium,GD,A,1273,41.011,75.23,29.156,2,4,5,ASP245|ASP78
4AHZ,4AHZ_A_1274_GD.pdb,Gadolinium,GD,A,1274,40.157,76.696,34.907,2,4,4,ASP125|ASP82
4AHZ,4AHZ_A_1275_GD.pdb,Gadolinium,GD,A,1275,37.404,78.291,33.279,1,3,4,ASP125
4AHZ,4AHZ_A_1276_GD.pdb,Gadolinium,GD,A,1276,40.128,78.21,31.55,0,5,5,
4AHZ,4AHZ_A_1277_GD.pdb,Gadolinium,GD,A,1277,43.225,78.122,29.417,0,1,3,
4AHZ,4AHZ_A_1278_GD.pdb,Gadolinium,GD,A,1278,39.79,78.682,27.85,1,2,2,ASP78
4AHZ,4AHZ_A_1279_GD.pdb,Gadolinium,GD,A,1279,41.284,80.019,34.659,1,3,5,ASP125
4AHZ,4AHZ_A_1280_GD.pdb,Gadolinium,GD,A,1280,52.63,57.475,19.989,1,3,3,GLU236
4AHZ,4AHZ_A_1281_GD.pdb,Gadolinium,GD,A,1281,17.133,69.104,23.719,2,2,2,GLU179|ASP255
4AI0,4AI0_A_1272_GD.pdb,Gadolinium,GD,A,1272,40.535,67.445,45.528,5,3,3,ASP161|ASN224|TRP228|ASP160|VAL226
4AI0,4AI0_A_1273_GD.pdb,Gadolinium,GD,A,1273,41.23,74.739,29.26,0,4,4,
4AI0,4AI0_A_1274_GD.pdb,Gadolinium,GD,A,1274,40.302,76.391,35.157,2,3,6,ASP82|ASP125
4AI0,4AI0_A_1275_GD.pdb,Gadolinium,GD,A,1275,37.391,77.891,33.443,1,4,4,ASP125
4AI0,4AI0_A_1276_GD.pdb,Gadolinium,GD,A,1276,39.993,77.803,31.763,0,5,5,
4AI0,4AI0_A_1277_GD.pdb,Gadolinium,GD,A,1277,43.445,77.217,29.878,0,2,4,
4AI0,4AI0_A_1278_GD.pdb,Gadolinium,GD,A,1278,39.994,78.312,27.967,1,2,2,ASP78
4AI0,4AI0_A_1279_GD.pdb,Gadolinium,GD,A,1279,41.719,79.459,34.737,1,3,4,ASP125
4AI0,4AI0_A_1280_GD.pdb,Gadolinium,GD,A,1280,52.638,56.82,19.844,1,2,2,GLU236
4AI0,4AI0_A_1281_GD.pdb,Gadolinium,GD,A,1281,17.256,68.662,23.82,2,3,3,GLU179|ASP255
4AI0,4AI0_A_1282_GD.pdb,Gadolinium,GD,A,1282,22.134,49.407,23.626,2,1,2,SER170|GLU174
4AI1,4AI1_A_1272_GD.pdb,Gadolinium,GD,A,1272,40.56,67.402,45.512,5,3,3,ASP161|ASN224|TRP228|ASP160|VAL226
4AI1,4AI1_A_1273_GD.pdb,Gadolinium,GD,A,1273,41.211,74.567,29.242,1,4,6,ASP78
4AI1,4AI1_A_1274_GD.pdb,Gadolinium,GD,A,1274,40.352,76.313,35.143,2,3,5,ASP125|ASP82
4AI1,4AI1_A_1275_GD.pdb,Gadolinium,GD,A,1275,37.652,77.796,33.349,1,3,4,ASP125
4AI1,4AI1_A_1276_GD.pdb,Gadolinium,GD,A,1276,40.162,77.604,31.815,0,3,4,
4AI1,4AI1_A_1277_GD.pdb,Gadolinium,GD,A,1277,43.35,77.297,29.828,0,2,4,
4AI1,4AI1_A_1278_GD.pdb,Gadolinium,GD,A,1278,39.902,78.082,27.957,1,2,2,ASP78
4AI1,4AI1_A_1279_GD.pdb,Gadolinium,GD,A,1279,41.449,79.522,34.499,1,1,1,ASP125
4AI1,4AI1_A_1280_GD.pdb,Gadolinium,GD,A,1280,52.635,56.676,19.703,1,2,3,GLU236
4AI1,4AI1_A_1281_GD.pdb,Gadolinium,GD,A,1281,17.192,68.598,23.918,2,4,4,ASP255|GLU179
4AI1,4AI1_A_1282_GD.pdb,Gadolinium,GD,A,1282,22.234,49.296,23.636,2,3,3,GLU174|SER170
4AI1,4AI1_A_1283_GD.pdb,Gadolinium,GD,A,1283,47.652,73.04,38.217,2,2,4,ASP82|GLU99
4AI2,4AI2_A_1272_GD.pdb,Gadolinium,GD,A,1272,40.513,68.336,45.338,5,4,4,ASP161|ASN224|TRP228|ASP160|VAL226
4AI2,4AI2_A_1273_GD.pdb,Gadolinium,GD,A,1273,41.065,75.436,29.052,2,4,5,ASP245|ASP78
4AI2,4AI2_A_1274_GD.pdb,Gadolinium,GD,A,1274,40.188,77.089,34.836,2,5,7,ASP125|ASP82
4AI2,4AI2_A_1275_GD.pdb,Gadolinium,GD,A,1275,37.38,78.613,33.179,1,5,5,ASP125
4AI2,4AI2_A_1276_GD.pdb,Gadolinium,GD,A,1276,40.068,78.524,31.493,0,8,8,
4AI2,4AI2_A_1277_GD.pdb,Gadolinium,GD,A,1277,43.318,78.294,29.382,0,3,8,
4AI2,4AI2_A_1278_GD.pdb,Gadolinium,GD,A,1278,39.8,78.914,27.724,1,3,3,ASP78
4AI2,4AI2_A_1279_GD.pdb,Gadolinium,GD,A,1279,41.334,80.286,34.571,1,6,8,ASP125
4AI2,4AI2_A_1280_GD.pdb,Gadolinium,GD,A,1280,52.587,57.658,19.636,1,4,4,GLU236
4AI2,4AI2_A_1281_GD.pdb,Gadolinium,GD,A,1281,17.133,69.25,23.638,2,3,3,GLU179|ASP255
4AI2,4AI2_A_1282_GD.pdb,Gadolinium,GD,A,1282,22.123,49.967,23.526,2,3,4,GLU174|SER170
4AI3,4AI3_A_1272_GD.pdb,Gadolinium,GD,A,1272,40.446,69.229,45.242,5,3,3,ASP161|ASN224|TRP228|ASP160|VAL226
4AI3,4AI3_A_1273_GD.pdb,Gadolinium,GD,A,1273,40.967,76.256,28.876,2,6,6,ASP245|ASP78
4AI3,4AI3_A_1274_GD.pdb,Gadolinium,GD,A,1274,40.088,77.805,34.564,2,4,5,ASP125|ASP82
4AI3,4AI3_A_1275_GD.pdb,Gadolinium,GD,A,1275,37.42,79.257,32.95,1,3,3,ASP125
4AI3,4AI3_A_1276_GD.pdb,Gadolinium,GD,A,1276,40.135,79.306,31.276,0,7,10,
4AI3,4AI3_A_1277_GD.pdb,Gadolinium,GD,A,1277,43.264,79.164,29.123,0,4,6,
4AI3,4AI3_A_1278_GD.pdb,Gadolinium,GD,A,1278,39.712,79.705,27.509,1,5,6,ASP78
4AI3,4AI3_A_1279_GD.pdb,Gadolinium,GD,A,1279,41.211,81.103,34.333,1,7,8,ASP125
4AI3,4AI3_A_1280_GD.pdb,Gadolinium,GD,A,1280,52.584,58.463,19.875,1,1,1,GLU236
4AI3,4AI3_A_1281_GD.pdb,Gadolinium,GD,A,1281,17.117,69.969,23.469,2,3,3,GLU179|ASP255
4AI3,4AI3_A_1282_GD.pdb,Gadolinium,GD,A,1282,22.199,50.631,23.424,2,1,1,GLU174|SER170
4BAD,4BAD_A_1143_EU3.pdb,Europium,EU3,A,1143,44.205,11.909,0.092,1,1,1,HM61142
4BD8,4BD8_A_1171_PR.pdb,Praseodymium,PR,A,1171,-34.955,42.95,5.387,2,1,1,ASP142|GLU146
4BDW,4BDW_A_1087_HO.pdb,Holmium,HO,A,1087,4.278,4.278,0.0,2,4,4,ASP82|ALA85
4BSP,4BSP_A_200_HO.pdb,Holmium,HO,A,200,-0.176,0.06,13.381,2,1,1,GLU116|GLU103
4D1O,4D1O_A_1482_GD.pdb,Gadolinium,GD,A,1482,21.563,255.788,-5.666,1,5,7,BTB870
4D1O,4D1O_B_1482_GD.pdb,Gadolinium,GD,B,1482,39.987,246.739,-4.914,3,2,2,BTB870|GLU321|THR319
4D1P,4D1P_A_1490_GD.pdb,Gadolinium,GD,A,1490,21.412,256.402,-5.619,1,6,7,BTB870
4D1P,4D1P_B_1490_GD.pdb,Gadolinium,GD,B,1490,39.738,247.371,-4.911,3,2,2,BTB870|GLU321|THR319
4DPR,4DPR_A_703_YB.pdb,Ytterbium,YB,A,703,14.307,38.328,5.654,2,1,1,ACY708|ASP47
4DPR,4DPR_A_704_YB.pdb,Ytterbium,YB,A,704,14.495,-49.106,6.346,1,3,3,ASP481
4DPR,4DPR_A_707_YB.pdb,Ytterbium,YB,A,707,15.398,8.941,26.536,1,1,2,ASP426
4DW0,4DW0_A_506_GD.pdb,Gadolinium,GD,A,506,-29.719,6.045,73.59,1,2,4,GLU186
4ESQ,4ESQ_A_702_TB.pdb,Terbium,TB,A,702,21.647,17.8,34.97,1,3,3,BTB701
4ESQ,4ESQ_A_703_TB.pdb,Terbium,TB,A,703,8.432,13.372,30.517,1,3,4,ASP471
4H1P,4H1P_A_201_EU.pdb,Europium,EU,A,201,13.887,39.135,25.665,1,3,5,ASP101
4H1P,4H1P_A_202_EU.pdb,Europium,EU,A,202,16.291,48.035,11.744,2,6,6,ASN46|ASP52
4ICV,4ICV_A_601_PR.pdb,Praseodymium,PR,A,601,-0.142,23.647,36.477,0,5,5,
4ICV,4ICV_A_602_PR.pdb,Praseodymium,PR,A,602,0.653,20.46,36.504,0,2,2,
4ICV,4ICV_A_603_PR.pdb,Praseodymium,PR,A,603,7.121,4.322,40.111,0,7,11,
4L12,4L12_A_501_GD.pdb,Gadolinium,GD,A,501,-16.068,-7.771,2.925,3,1,1,ASP202|GLU147|GLU204
4L12,4L12_A_502_GD.pdb,Gadolinium,GD,A,502,-13.291,-9.07,1.015,3,2,2,GLU204|GLU225|GLU223
4L2L,4L2L_A_703_YB.pdb,Ytterbium,YB,A,703,34.823,-14.549,49.043,2,1,1,ASP47|ACT708
4L2L,4L2L_A_706_YB.pdb,Ytterbium,YB,A,706,-21.908,-14.564,-17.05,1,2,2,ASP481
4LL7,4LL7_A_201_DY.pdb,Dysprosium,DY,A,201,-0.73,3.957,22.402,4,1,1,GLU113|GLU125|GLU128|GLU113
4LL7,4LL7_A_202_DY.pdb,Dysprosium,DY,A,202,-3.219,0.076,1.28,3,1,2,GLU113|LYS110|GLU125
4LL7,4LL7_B_202_DY.pdb,Dysprosium,DY,B,202,6.999,6.115,4.385,1,1,1,GLU103
4LL7,4LL7_B_203_DY.pdb,Dysprosium,DY,B,203,-2.306,0.176,43.311,1,1,1,GLU128
4LL7,4LL7_C_201_DY.pdb,Dysprosium,DY,C,201,-2.437,-24.61,22.517,2,1,1,GLU128|GLU125
4LL7,4LL7_C_202_DY.pdb,Dysprosium,DY,C,202,-2.49,-20.822,-0.761,2,1,1,GLU113|GLU113
4LL7,4LL7_D_201_DY.pdb,Dysprosium,DY,D,201,-12.011,21.531,27.349,1,1,1,ASP115
4LL7,4LL7_D_203_DY.pdb,Dysprosium,DY,D,203,-10.309,23.174,4.854,1,1,1,GLU103
4LL7,4LL7_E_201_DY.pdb,Dysprosium,DY,E,201,-0.75,0.176,-0.738,4,1,1,GLU113|GLU113|GLU125|GLU128
4LL7,4LL7_F_201_DY.pdb,Dysprosium,DY,F,201,8.601,-2.774,-6.083,2,1,2,ASP115|SO4207
4LL7,4LL7_G_201_DY.pdb,Dysprosium,DY,G,201,-11.572,-17.591,-5.762,1,1,1,ASP115
4LL7,4LL7_H_202_DY.pdb,Dysprosium,DY,H,202,1.379,24.963,20.151,2,1,1,GLU113|LYS110
4LP1,4LP1_A_201_EU3.pdb,Europium,EU3,A,201,1.881,-10.644,-12.802,1,1,1,GLU22
4LP1,4LP1_A_203_EU3.pdb,Europium,EU3,A,203,-8.907,-6.977,-21.793,3,1,1,GLU64|GLN32|ASP31
4LP1,4LP1_B_201_EU3.pdb,Europium,EU3,B,201,-12.175,15.705,-3.36,2,1,1,ASP102|THR104
4LP1,4LP1_B_202_EU3.pdb,Europium,EU3,B,202,-28.59,-4.628,-1.84,2,2,2,ASP29|ASP31
4LP1,4LP1_B_203_EU3.pdb,Europium,EU3,B,203,-27.976,3.833,2.482,2,2,2,TYR30|GLU22
4MKT,4MKT_A_704_YB.pdb,Ytterbium,YB,A,704,-24.463,-38.452,-6.171,2,2,2,ASP47|ACY706
4MKT,4MKT_A_705_YB.pdb,Ytterbium,YB,A,705,-24.714,49.012,-5.81,2,1,1,ASP481|ACY707
4MS6,4MS6_A_703_YB.pdb,Ytterbium,YB,A,703,24.814,-38.533,6.204,2,1,1,ACY708|ASP47
4MS6,4MS6_A_704_YB.pdb,Ytterbium,YB,A,704,24.484,49.106,6.01,2,2,2,ACY709|ASP481
4MS6,4MS6_A_705_YB.pdb,Ytterbium,YB,A,705,17.798,-26.99,2.402,0,2,2,
4MS6,4MS6_A_706_YB.pdb,Ytterbium,YB,A,706,32.308,-30.733,-22.253,1,1,1,GLU70
4MS6,4MS6_A_707_YB.pdb,Ytterbium,YB,A,707,23.251,-9.076,26.444,1,1,1,ASP426
4NGV,4NGV_A_201_YB.pdb,Ytterbium,YB,A,201,-10.258,55.261,3.32,2,4,5,ASN46|ASP52
4NGV,4NGV_A_202_YB.pdb,Ytterbium,YB,A,202,20.697,58.208,-9.425,2,2,2,LEU129|LYS13
4NGV,4NGV_A_203_YB.pdb,Ytterbium,YB,A,203,-8.232,54.355,-0.609,1,3,4,GLU35
4NGW,4NGW_A_201_YB.pdb,Ytterbium,YB,A,201,-9.803,55.566,2.676,2,4,4,ASN46|ASP52
4NGW,4NGW_A_202_YB.pdb,Ytterbium,YB,A,202,20.721,57.852,-9.777,1,1,1,LEU129
4NGW,4NGW_A_203_YB.pdb,Ytterbium,YB,A,203,7.872,74.034,-3.233,1,2,3,ASP87
4NGY,4NGY_A_201_YB.pdb,Ytterbium,YB,A,201,-9.804,55.568,2.603,2,5,5,ASN46|ASP52
4NGY,4NGY_A_202_YB.pdb,Ytterbium,YB,A,202,20.837,57.765,-9.257,1,1,1,LEU129
4NGY,4NGY_A_203_YB.pdb,Ytterbium,YB,A,203,7.859,74.286,-3.247,1,4,4,ASP87
4NGZ,4NGZ_A_201_YB.pdb,Ytterbium,YB,A,201,-9.463,55.314,2.359,2,5,7,ASN46|ASP52
4NGZ,4NGZ_A_202_YB.pdb,Ytterbium,YB,A,202,20.784,57.733,-9.252,1,2,2,LEU129
4NGZ,4NGZ_A_203_YB.pdb,Ytterbium,YB,A,203,-0.773,53.334,16.049,1,6,6,ASP101
4P1H,4P1H_A_503_SM.pdb,Samarium,SM,A,503,-16.639,-57.233,84.97,2,2,2,GLU295|GLU325
4P1J,4P1J_A_505_SM.pdb,Samarium,SM,A,505,60.014,-38.864,30.357,1,4,4,GLU337
4P1J,4P1J_A_506_SM.pdb,Samarium,SM,A,506,77.749,-33.864,34.495,2,1,2,ASP329|ASP328
4P1J,4P1J_A_507_SM.pdb,Samarium,SM,A,507,85.683,-36.237,3.505,2,1,3,ILE237|GLU236
4P3W,4P3W_A_2402_PR.pdb,Praseodymium,PR,A,2402,18.504,-15.526,132.641,1,2,2,SER2329
4P3W,4P3W_B_2402_PR.pdb,Praseodymium,PR,B,2402,21.753,33.614,87.988,1,1,1,ASP2173
4P3W,4P3W_E_2403_PR.pdb,Praseodymium,PR,E,2403,13.637,10.227,21.134,3,2,2,GLU2306|GLU2306|GLU2276
4P3W,4P3W_D_2401_PR.pdb,Praseodymium,PR,D,2401,13.57,-10.385,68.379,4,1,2,GLU2306|GLU2306|GLU2276|GLU2276
4PHB,4PHB_A_401_GD.pdb,Gadolinium,GD,A,401,15.599,39.205,34.482,4,5,5,ASP178|LYS227|ASP154|ASN177
4PHB,4PHB_A_402_GD.pdb,Gadolinium,GD,A,402,30.747,21.452,34.165,5,3,4,ASP244|ASP243|ASP215|ASP247|LYS269
4PHB,4PHB_A_403_GD.pdb,Gadolinium,GD,A,403,35.241,47.958,42.186,2,2,3,ASP142|ASP139
4PHB,4PHB_A_404_GD.pdb,Gadolinium,GD,A,404,21.453,42.689,38.063,4,1,1,ASN177|ASP153|ARG152|SER176
4PHB,4PHB_A_405_GD.pdb,Gadolinium,GD,A,405,39.748,52.607,41.855,2,1,2,ASP139|GLU138
4PHB,4PHB_A_406_GD.pdb,Gadolinium,GD,A,406,47.161,55.269,26.363,1,1,1,GLU60
4PHB,4PHB_A_407_GD.pdb,Gadolinium,GD,A,407,15.821,36.155,12.131,1,1,2,ASN160
4PHB,4PHB_A_408_GD.pdb,Gadolinium,GD,A,408,11.177,49.289,32.184,2,1,2,GLU115|GLU89
4PHB,4PHB_A_411_GD.pdb,Gadolinium,GD,A,411,47.983,40.619,24.106,0,1,3,
4PHB,4PHB_A_412_GD.pdb,Gadolinium,GD,A,412,12.179,47.857,38.359,1,1,2,GLU89
4R7L,4R7L_A_702_YB.pdb,Ytterbium,YB,A,702,-23.825,38.179,6.222,2,3,3,ACT707|ASP47
4RSY,4RSY_A_703_YB.pdb,Ytterbium,YB,A,703,-24.865,37.989,5.612,2,3,3,ACY704|ASP47
4RVB,4RVB_A_701_YB.pdb,Ytterbium,YB,A,701,24.072,48.993,6.124,2,1,1,ACT703|ASP481
4TWS,4TWS_A_201_GD.pdb,Gadolinium,GD,A,201,0.868,24.706,36.718,2,1,2,DO3202|DO3206
4TWS,4TWS_A_203_GD.pdb,Gadolinium,GD,A,203,-1.378,27.873,41.358,2,2,3,DO3204|DO3206
4TWS,4TWS_A_205_GD.pdb,Gadolinium,GD,A,205,-3.005,28.709,39.974,2,2,2,DO3206|DO3204
4U47,4U47_A_101_TB.pdb,Terbium,TB,A,101,-9.511,12.831,9.543,2,6,7,C2|C2
4WB9,4WB9_A_5502_YB.pdb,Ytterbium,YB,A,5502,-24.214,-25.013,-40.097,0,7,7,
4WB9,4WB9_A_5503_YB.pdb,Ytterbium,YB,A,5503,-10.234,-40.144,-35.436,4,1,1,CL5505|CL5506|NAI5501|CL5504
4WJ9,4WJ9_A_601_YB.pdb,Ytterbium,YB,A,601,30.69,-29.447,40.311,0,7,7,
4WP7,4WP7_A_601_YB.pdb,Ytterbium,YB,A,601,30.635,-29.425,40.36,0,7,7,
4WPN,4WPN_A_606_YB.pdb,Ytterbium,YB,A,606,25.249,23.756,40.544,3,3,3,CL602|CL604|CL603
4WSZ,4WSZ_A_300_PR.pdb,Praseodymium,PR,A,300,10.084,58.636,21.525,1,2,2,ASP190
4WSZ,4WSZ_B_300_PR.pdb,Praseodymium,PR,B,300,36.818,55.643,18.319,2,2,2,ASP190|ACT301
4WT0,4WT0_A_300_PR.pdb,Praseodymium,PR,A,300,5.489,18.241,-17.096,1,2,2,ASP190
4X4L,4X4L_A_601_YB.pdb,Ytterbium,YB,A,601,-29.608,30.438,1.592,0,7,7,
4X4L,4X4L_A_602_YB.pdb,Ytterbium,YB,A,602,-14.504,44.241,6.182,4,2,2,CL606|CL605|NAI608|CL607
4X8I,4X8I_B_406_GD.pdb,Gadolinium,GD,B,406,98.604,52.356,2.054,1,2,3,GLU299
5AC2,5AC2_A_1507_YB.pdb,Ytterbium,YB,A,1507,24.796,24.059,39.902,0,7,7,
5AC2,5AC2_A_1508_YB.pdb,Ytterbium,YB,A,1508,40.021,10.246,35.39,2,7,7,TXE1504|GLU249
5AEN,5AEN_A_613_YB.pdb,Ytterbium,YB,A,613,13.346,-48.829,5.706,1,1,1,ASP481
5AEN,5AEN_A_615_YB.pdb,Ytterbium,YB,A,615,17.014,10.104,20.946,2,4,4,ASP426|ASP422
5AEN,5AEN_A_616_YB.pdb,Ytterbium,YB,A,616,13.317,38.079,5.076,1,3,3,ASP47
5AVK,5AVK_A_1006_PR.pdb,Praseodymium,PR,A,1006,-1.094,20.209,26.985,3,5,5,PRO175|VAL177|ASP200
5AVK,5AVK_A_1007_PR.pdb,Praseodymium,PR,A,1007,12.876,37.428,33.521,2,6,7,ASP260|THR16
5C6I,5C6I_A_207_GD.pdb,Gadolinium,GD,A,207,-25.39,1.069,7.69,1,1,1,DO3201
5F8A,5F8A_A_301_LU.pdb,Lutetium,LU,A,301,2.26,3.243,8.778,2,4,5,GLU45|ASP74
5F8A,5F8A_B_301_LU.pdb,Lutetium,LU,B,301,-5.066,2.304,-7.822,2,4,4,ASP74|GLU45
5FGR,5FGR_C_401_YB.pdb,Ytterbium,YB,C,401,-1.024,16.665,38.125,2,1,1,ASP283|ASN281
5FIS,5FIS_A_1316_GD.pdb,Gadolinium,GD,A,1316,31.272,31.471,13.794,3,4,4,ASP138|GLU266|ASP113
5FIS,5FIS_A_1317_GD.pdb,Gadolinium,GD,A,1317,21.348,27.591,34.075,1,3,3,GLU104
5FIS,5FIS_B_1316_GD.pdb,Gadolinium,GD,B,1316,19.913,38.778,12.756,3,4,4,GLU266|ASP113|ASP138
5FWQ,5FWQ_A_1613_YB.pdb,Ytterbium,YB,A,1613,12.478,-48.608,5.83,1,4,4,ASP481
5FWQ,5FWQ_A_1615_YB.pdb,Ytterbium,YB,A,1615,16.418,9.799,21.38,2,1,1,ASP422|ASP426
5FWQ,5FWQ_A_1616_YB.pdb,Ytterbium,YB,A,1616,12.439,38.344,5.253,1,1,1,ASP47
5FWQ,5FWQ_A_1617_YB.pdb,Ytterbium,YB,A,1617,18.058,27.802,3.854,1,1,3,GLU46
5G3S,5G3S_A_419_SM.pdb,Samarium,SM,A,419,-60.866,5.824,49.917,3,1,2,ARG201|GLU324|ARG35
5G3S,5G3S_A_420_SM.pdb,Samarium,SM,A,420,-57.207,4.816,11.159,3,1,1,HIS97|CL437|LYS101
5G3S,5G3S_B_419_SM.pdb,Samarium,SM,B,419,-21.794,5.265,102.394,2,1,1,HIS97|LYS101
5G3S,5G3S_B_422_SM.pdb,Samarium,SM,B,422,-37.643,23.53,105.762,2,2,2,GLU115|HIS116
5G6U,5G6U_A_2000_EU.pdb,Europium,EU,A,2000,29.975,15.477,58.255,1,3,5,SGN1326
5G6U,5G6U_B_2000_EU.pdb,Europium,EU,B,2000,60.096,17.465,68.055,0,2,2,
5G6U,5G6U_C_1329_EU.pdb,Europium,EU,C,1329,86.131,13.348,24.754,1,3,6,SGN1326
5H13,5H13_A_502_PR.pdb,Praseodymium,PR,A,502,0.0,0.0,-8.485,2,2,2,GLU394|GLU392
5HLK,5HLK_A_307_LU.pdb,Lutetium,LU,A,307,3.797,-1.436,8.382,4,2,2,DA7|EDO304|ASP74|GLU45
5HLK,5HLK_B_306_LU.pdb,Lutetium,LU,B,306,-0.207,6.537,-6.835,3,2,2,ASP74|DA7|GLU45
5IZR,5IZR_A_902_TB.pdb,Terbium,TB,A,902,-1.614,94.275,101.94,2,3,3,ASP44|ASP66
5IZR,5IZR_C_902_TB.pdb,Terbium,TB,C,902,-52.482,75.315,-30.043,3,1,1,ASP66|THR65|ASP44
5IZR,5IZR_D_902_TB.pdb,Terbium,TB,D,902,-66.417,17.403,-22.259,2,1,1,ASP44|ASP66
5K97,5K97_A_401_SM.pdb,Samarium,SM,A,401,-71.113,-75.871,105.468,6,1,1,ASP179|DT7|GLY2|ASP181|GLU160|ASN233
5K97,5K97_A_402_SM.pdb,Samarium,SM,A,402,-68.216,-79.096,108.04,5,2,4,ASP86|GLU160|LYS93|GLU158|ALA159
5K97,5K97_A_404_SM.pdb,Samarium,SM,A,404,-70.024,-78.708,107.29,5,3,4,ASP34|DT7|GLU160|LYS93|GLU158
5K97,5K97_A_406_SM.pdb,Samarium,SM,A,406,-69.506,-104.021,127.127,2,1,1,GLU313|GLU57
5K97,5K97_A_408_SM.pdb,Samarium,SM,A,408,-85.036,-87.885,130.227,2,1,2,GLY49|ASP51
5K97,5K97_A_409_SM.pdb,Samarium,SM,A,409,-70.319,-62.204,119.316,2,2,3,GLU102|LYS99
5KIJ,5KIJ_A_701_LA.pdb,Lanthanum,LA,A,701,-1.088,-1.575,0.8,2,5,5,THR688|MAN5
5KKB,5KKB_A_711_LA.pdb,Lanthanum,LA,A,711,66.604,17.581,2.182,2,5,5,MAN5|THR635
5KKB,5KKB_B_712_LA.pdb,Lanthanum,LA,B,712,76.351,47.787,-41.592,2,5,6,THR635|MAN5
5KLF,5KLF_A_102_GD.pdb,Gadolinium,GD,A,102,72.037,27.563,32.202,0,1,1,
5KLF,5KLF_A_103_GD.pdb,Gadolinium,GD,A,103,38.124,31.429,39.559,1,1,1,SER87
5KLF,5KLF_A_104_GD.pdb,Gadolinium,GD,A,104,59.756,34.39,18.524,1,1,2,SER56
5KLF,5KLF_A_105_GD.pdb,Gadolinium,GD,A,105,62.538,47.639,25.533,1,1,1,ASP78
5KLF,5KLF_A_106_GD.pdb,Gadolinium,GD,A,106,63.052,49.185,28.164,0,1,2,
5KLF,5KLF_A_107_GD.pdb,Gadolinium,GD,A,107,61.477,44.205,22.102,0,1,3,
5KLF,5KLF_A_108_GD.pdb,Gadolinium,GD,A,108,48.837,39.335,49.214,0,1,1,
5KLF,5KLF_A_112_GD.pdb,Gadolinium,GD,A,112,64.241,22.894,39.93,0,1,3,
5KSE,5KSE_A_401_SM.pdb,Samarium,SM,A,401,3.85,23.516,-15.909,6,3,3,ASP181|GLU160|DT6|ASP179|GLY2|ASP233
5KSE,5KSE_A_402_SM.pdb,Samarium,SM,A,402,2.01,20.008,-13.826,4,3,4,ASP86|GLU160|GLU158|LYS93
5KSE,5KSE_A_403_SM.pdb,Samarium,SM,A,403,5.495,25.327,-12.287,5,3,4,GLY2|DT5|DT6|LYS93|ASP233
5KSE,5KSE_A_405_SM.pdb,Samarium,SM,A,405,-19.77,8.125,5.186,2,1,1,GLU313|GLU57
5KSE,5KSE_A_406_SM.pdb,Samarium,SM,A,406,-15.895,8.802,4.033,5,3,3,GLU313|GLU57|ASN55|LYS314|GLU59
5KTJ,5KTJ_A_101_SM.pdb,Samarium,SM,A,101,44.425,72.288,82.114,2,2,2,C41|G42
5KTJ,5KTJ_C_101_SM.pdb,Samarium,SM,C,101,10.928,36.837,33.494,3,3,4,C41|G40|G42
5L2M,5L2M_A_601_YB.pdb,Ytterbium,YB,A,601,30.793,-29.21,40.497,0,6,8,
5L2N,5L2N_A_601_YB.pdb,Ytterbium,YB,A,601,30.702,-29.167,40.476,0,9,9,
5L2O,5L2O_A_602_YB.pdb,Ytterbium,YB,A,602,-2.067,-4.868,-54.019,1,3,3,GLU46
5L2O,5L2O_B_602_YB.pdb,Ytterbium,YB,B,602,31.442,-41.907,-10.483,2,3,3,ASP356|GLU359
5L2O,5L2O_E_602_YB.pdb,Ytterbium,YB,E,602,46.536,-16.545,-79.874,2,1,2,GLU359|ASP356
5L2O,5L2O_E_603_YB.pdb,Ytterbium,YB,E,603,15.09,7.039,-82.515,0,1,1,
5L2O,5L2O_F_602_YB.pdb,Ytterbium,YB,F,602,106.19,8.695,-79.473,1,1,1,GLU48
5L2O,5L2O_G_602_YB.pdb,Ytterbium,YB,G,602,43.912,82.824,-54.197,2,2,3,GLU359|ASP356
5L2O,5L2O_H_602_YB.pdb,Ytterbium,YB,H,602,72.8,43.375,-9.78,1,2,2,GLU46
5LXR,5LXR_A_103_SM.pdb,Samarium,SM,A,103,24.466,51.914,39.333,1,2,2,GLU24
5MF2,5MF2_A_301_TB.pdb,Terbium,TB,A,301,33.795,6.554,32.109,0,1,1,
5MF2,5MF2_B_301_TB.pdb,Terbium,TB,B,301,-3.462,-8.683,16.37,1,2,2,GLU18
5MF2,5MF2_B_303_TB.pdb,Terbium,TB,B,303,33.981,-10.742,31.899,0,1,2,
5MF2,5MF2_C_301_TB.pdb,Terbium,TB,C,301,9.277,0.103,57.421,1,1,1,ARG90
5N3W,5N3W_A_702_YB.pdb,Ytterbium,YB,A,702,15.087,-48.807,5.867,1,1,1,ASP481
5NI2,5NI2_A_702_YB.pdb,Ytterbium,YB,A,702,8.593,68.754,51.353,2,1,1,ASP422|ASP426
5NI2,5NI2_A_703_YB.pdb,Ytterbium,YB,A,703,-10.476,53.086,8.217,1,1,1,GLU107
5NI6,5NI6_A_702_YB.pdb,Ytterbium,YB,A,702,-23.904,-38.406,-6.105,3,2,2,ASP47|ACY704|ASN48
5NSJ,5NSJ_A_305_SM.pdb,Samarium,SM,A,305,-6.13,-27.132,-10.953,3,1,1,ASP136|GLU137|ASN134
5NSJ,5NSJ_B_305_SM.pdb,Samarium,SM,B,305,-36.944,-6.193,-0.115,5,1,2,CYS201|GLU137|GLU180|ASP136|ASN134
5NSJ,5NSJ_B_306_SM.pdb,Samarium,SM,B,306,-61.793,-19.814,26.911,2,1,1,HIS156|HIS155
5NSJ,5NSJ_B_307_SM.pdb,Samarium,SM,B,307,-45.63,-3.063,-0.886,1,2,2,TRP102
5OER,5OER_A_203_GD.pdb,Gadolinium,GD,A,203,14.254,40.621,27.236,1,1,1,DO3201
5OER,5OER_A_204_GD.pdb,Gadolinium,GD,A,204,11.048,38.266,31.89,1,1,1,DO3202
5SH8,5SH8_B_804_PR.pdb,Praseodymium,PR,B,804,32.307,-7.742,6.215,2,2,3,LYS753|ASP757
5SH8,5SH8_C_804_PR.pdb,Praseodymium,PR,C,804,67.755,39.118,22.175,1,3,3,GLU620
5SH8,5SH8_D_804_PR.pdb,Praseodymium,PR,D,804,35.826,-14.08,44.532,2,1,1,GLU620|SER617
5SIF,5SIF_B_803_PR.pdb,Praseodymium,PR,B,803,32.133,-7.557,6.306,2,1,3,ASP757|LYS753
5SIF,5SIF_B_805_PR.pdb,Praseodymium,PR,B,805,64.523,19.31,-26.722,1,1,1,GLU606
5SIO,5SIO_C_803_PR.pdb,Praseodymium,PR,C,803,66.746,39.828,-22.718,0,1,2,
5SJE,5SJE_B_803_PR.pdb,Praseodymium,PR,B,803,45.395,-14.767,-6.51,1,1,2,ASP757
5SJE,5SJE_B_804_PR.pdb,Praseodymium,PR,B,804,44.676,-25.916,2.499,0,1,2,
5SJO,5SJO_C_803_PR.pdb,Praseodymium,PR,C,803,68.016,39.571,-21.848,0,2,2,
5SJT,5SJT_B_803_PR.pdb,Praseodymium,PR,B,803,31.81,-7.766,6.193,1,4,4,ASP757
5SJT,5SJT_B_804_PR.pdb,Praseodymium,PR,B,804,23.114,-13.176,-2.655,0,2,4,
5SJT,5SJT_B_805_PR.pdb,Praseodymium,PR,B,805,64.363,19.386,-26.568,1,1,1,GLU606
5SJT,5SJT_B_806_PR.pdb,Praseodymium,PR,B,806,61.591,-1.73,-33.012,2,1,1,GLU620|SER617
5SJT,5SJT_B_807_PR.pdb,Praseodymium,PR,B,807,64.979,22.918,-25.196,1,1,1,GLU606
5SJT,5SJT_C_803_PR.pdb,Praseodymium,PR,C,803,67.32,38.867,22.415,1,2,2,GLU620
5SJT,5SJT_C_805_PR.pdb,Praseodymium,PR,C,805,67.32,38.867,-2.689,1,1,1,GLU606
5SKD,5SKD_C_803_PR.pdb,Praseodymium,PR,C,803,67.82,39.156,-22.461,1,1,1,GLU620
5SKD,5SKD_C_805_PR.pdb,Praseodymium,PR,C,805,67.82,39.156,3.632,1,1,1,GLU606
5SKF,5SKF_B_803_PR.pdb,Praseodymium,PR,B,803,32.115,-7.675,6.219,2,3,3,ASP757|LYS753
5SKF,5SKF_B_807_PR.pdb,Praseodymium,PR,B,807,65.306,22.991,-25.103,1,1,2,GLU606
5SKF,5SKF_C_803_PR.pdb,Praseodymium,PR,C,803,67.525,38.986,22.158,1,2,2,GLU620
5SKF,5SKF_C_805_PR.pdb,Praseodymium,PR,C,805,66.453,37.883,-3.187,1,1,1,GLU606
5SKH,5SKH_B_803_PR.pdb,Praseodymium,PR,B,803,44.932,-14.999,-6.279,2,1,3,ASP757|LYS753
5SKH,5SKH_B_805_PR.pdb,Praseodymium,PR,B,805,51.795,26.38,26.845,1,1,1,GLU606
5SKH,5SKH_C_803_PR.pdb,Praseodymium,PR,C,803,67.976,39.684,-22.084,0,2,2,
5TC9,5TC9_A_504_GD3.pdb,Gadolinium,GD3,A,504,-16.863,-57.145,84.665,2,2,2,GLU295|GLU325
5TEI,5TEI_A_602_YB.pdb,Ytterbium,YB,A,602,30.408,29.731,1.754,0,7,7,
5TEI,5TEI_A_603_YB.pdb,Ytterbium,YB,A,603,44.133,14.626,6.068,1,4,4,NAI601
5UM9,5UM9_A_402_SM.pdb,Samarium,SM,A,402,72.377,76.814,2.069,6,2,2,TYR234|ASP181|GLU160|DT7|ASP179|GLY2
5UM9,5UM9_A_405_SM.pdb,Samarium,SM,A,405,81.692,64.537,20.827,1,2,2,GLU106
5UM9,5UM9_A_406_SM.pdb,Samarium,SM,A,406,68.209,112.839,-8.095,2,2,2,GLU338|ARG332
5UO9,5UO9_B_509_GD.pdb,Gadolinium,GD,B,509,83.064,-7.148,-187.66,3,2,2,BTB504|THR319|GLU321
5UO9,5UO9_D_507_GD.pdb,Gadolinium,GD,D,507,112.786,4.652,-190.4,4,1,1,CL510|THR319|BTB504|GLU321
5UOA,5UOA_A_508_GD.pdb,Gadolinium,GD,A,508,-17.841,36.229,3.336,1,2,2,BTB504
5UOA,5UOA_B_510_GD.pdb,Gadolinium,GD,B,510,-33.05,25.985,6.287,3,2,2,GLU321|THR319|BTB504
5UOB,5UOB_A_510_GD.pdb,Gadolinium,GD,A,510,63.339,-5.889,-199.896,2,2,2,BTB504|ASP384
5UOB,5UOB_B_508_GD.pdb,Gadolinium,GD,B,508,77.503,-8.051,-190.693,3,1,1,BTB504|GLU321|THR319
5UOB,5UOB_C_510_GD.pdb,Gadolinium,GD,C,510,91.47,1.784,-183.517,2,2,2,BTB504|ASP384
5UOC,5UOC_A_510_GD.pdb,Gadolinium,GD,A,510,66.162,-5.88,-199.876,2,4,4,BTB504|ASP384
5UOC,5UOC_B_508_GD.pdb,Gadolinium,GD,B,508,82.062,-7.054,-190.566,3,2,2,BTB504|THR319|GLU321
5UOC,5UOC_C_510_GD.pdb,Gadolinium,GD,C,510,95.338,2.875,-183.091,2,3,3,BTB504|ASP384
5UOC,5UOC_D_506_GD.pdb,Gadolinium,GD,D,506,111.321,4.859,-193.242,3,1,1,THR319|BTB504|GLU321
5VVB,5VVB_B_507_GD.pdb,Gadolinium,GD,B,507,112.813,4.704,-191.215,3,1,1,THR319|BTB504|GLU321
5VVB,5VVB_C_508_GD.pdb,Gadolinium,GD,C,508,65.713,-4.472,-198.748,1,2,2,BTB504
5VVB,5VVB_D_506_GD.pdb,Gadolinium,GD,D,506,83.131,-7.257,-188.402,3,1,1,BTB504|GLU321|THR319
5VVC,5VVC_A_510_GD.pdb,Gadolinium,GD,A,510,66.195,-5.346,-199.25,1,3,3,BTB504
5VVC,5VVC_B_507_GD.pdb,Gadolinium,GD,B,507,82.69,-7.248,-188.547,3,2,2,BTB504|THR319|GLU321
5VVC,5VVC_D_506_GD.pdb,Gadolinium,GD,D,506,112.351,4.71,-191.31,3,2,2,THR319|GLU321|BTB504
5VVD,5VVD_A_510_GD.pdb,Gadolinium,GD,A,510,66.573,-3.727,-200.082,1,1,2,BTB506
5VVD,5VVD_B_508_GD.pdb,Gadolinium,GD,B,508,83.22,-6.07,-189.708,3,2,2,BTB504|GLU321|THR319
5VVD,5VVD_B_510_GD.pdb,Gadolinium,GD,B,510,96.596,3.85,-182.175,2,2,2,BTB509|ASP384
5VVD,5VVD_D_508_GD.pdb,Gadolinium,GD,D,508,112.767,6.029,-192.358,3,2,2,THR319|BTB505|GLU321
5WRC,5WRC_A_1002_PR.pdb,Praseodymium,PR,A,1002,33.345,13.736,-0.117,3,4,4,ASP200|PRO175|VAL177
5WRC,5WRC_A_1003_PR.pdb,Praseodymium,PR,A,1003,47.235,-3.476,-7.009,2,6,6,ASP260|THR16
5X7S,5X7S_A_1605_TB.pdb,Terbium,TB,A,1605,39.562,81.217,47.239,4,3,3,GLN571|GLY285|GLU283|GLU290
5X7S,5X7S_A_1606_TB.pdb,Terbium,TB,A,1606,33.776,26.083,15.269,2,1,1,GLU605|GLU608
5X7S,5X7S_A_1608_TB.pdb,Terbium,TB,A,1608,23.349,51.682,68.268,3,1,1,SO41708|ASP1183|ASP376
5X7S,5X7S_B_1606_TB.pdb,Terbium,TB,B,1606,37.932,47.793,51.121,4,3,3,GLN571|GLU283|GLU290|GLY285
5X7S,5X7S_B_1604_TB.pdb,Terbium,TB,B,1604,10.699,102.086,69.61,2,2,2,GLU605|GLU608
5XIT,5XIT_E_201_PR.pdb,Praseodymium,PR,E,201,-8.235,-13.81,6.025,0,2,4,
5ZC0,5ZC0_A_403_SM.pdb,Samarium,SM,A,403,8.373,-65.733,98.319,3,2,4,ASN289|GLU303|GLU291
5ZC0,5ZC0_A_405_SM.pdb,Samarium,SM,A,405,1.462,-38.539,109.336,1,3,3,GLU207
5ZC0,5ZC0_B_403_SM.pdb,Samarium,SM,B,403,50.939,-65.146,108.488,3,3,4,GLU303|GLU291|ASN289
5ZC0,5ZC0_B_405_SM.pdb,Samarium,SM,B,405,63.635,-37.63,108.694,1,2,2,GLU207
5ZC0,5ZC0_C_403_SM.pdb,Samarium,SM,C,403,38.489,-65.307,66.261,3,3,4,GLU303|GLU291|ASN289
5ZC0,5ZC0_C_405_SM.pdb,Samarium,SM,C,405,31.966,-37.894,55.036,1,1,1,GLU207
5ZC0,5ZC0_D_403_SM.pdb,Samarium,SM,D,403,5.623,-9.861,95.17,3,3,4,GLU303|ASN289|GLU291
5ZC0,5ZC0_E_403_SM.pdb,Samarium,SM,E,403,48.175,-9.452,106.25,3,3,4,GLU303|GLU291|ASN289
5ZC0,5ZC0_F_403_SM.pdb,Samarium,SM,F,403,36.561,-9.373,63.985,3,3,4,GLU291|ASN289|GLU303
6AV6,6AV6_A_508_GD.pdb,Gadolinium,GD,A,508,67.328,-5.095,-199.543,1,2,2,BTB503
6AV6,6AV6_B_508_GD.pdb,Gadolinium,GD,B,508,83.979,-7.198,-188.848,3,2,2,BTB505|GLU321|THR319
6AV6,6AV6_C_508_GD.pdb,Gadolinium,GD,C,508,97.29,2.765,-181.101,1,2,2,BTB509
6AV7,6AV7_B_507_GD.pdb,Gadolinium,GD,B,507,83.716,-7.142,-188.489,3,2,2,BTB504|GLU321|THR319
6AV7,6AV7_C_510_GD.pdb,Gadolinium,GD,C,510,96.828,2.807,-180.832,1,2,2,BTB504
6AV7,6AV7_D_506_GD.pdb,Gadolinium,GD,D,506,113.405,4.904,-191.307,3,1,1,BTB504|THR319|GLU321
6CIE,6CIE_A_510_GD.pdb,Gadolinium,GD,A,510,66.516,-5.21,-199.086,2,3,3,BTB504|ASP384
6CIE,6CIE_B_508_GD.pdb,Gadolinium,GD,B,508,82.951,-7.072,-188.754,3,2,2,BTB504|GLU321|THR319
6CIE,6CIE_C_510_GD.pdb,Gadolinium,GD,C,510,96.024,3.138,-181.178,1,1,1,BTB504
6CIE,6CIE_D_507_GD.pdb,Gadolinium,GD,D,507,112.651,4.834,-191.595,3,1,1,THR319|GLU321|BTB504
6CIF,6CIF_A_509_GD.pdb,Gadolinium,GD,A,509,-31.846,6.26,-190.544,0,2,4,
6CIF,6CIF_B_508_GD.pdb,Gadolinium,GD,B,508,-49.578,5.569,-189.032,3,2,3,BTB504|GLU321|THR319
6CIF,6CIF_C_510_GD.pdb,Gadolinium,GD,C,510,-61.57,-6.683,-190.404,1,3,4,ASP384
6CIF,6CIF_D_507_GD.pdb,Gadolinium,GD,D,507,-79.416,-6.024,-191.925,3,2,3,BTB504|GLU321|THR319
6DUM,6DUM_A_601_YB.pdb,Ytterbium,YB,A,601,30.447,-29.68,39.889,0,7,8,
6DUM,6DUM_A_602_YB.pdb,Ytterbium,YB,A,602,44.178,-14.638,35.4,4,4,4,NAI604|CL605|CL610|CL611
6ENB,6ENB_A_703_YB.pdb,Ytterbium,YB,A,703,14.241,49.131,-5.98,2,2,2,ASP481|ACT702
6ENC,6ENC_A_703_YB.pdb,Ytterbium,YB,A,703,24.442,49.019,5.993,2,3,3,ACT702|ASP481
6EUQ,6EUQ_A_503_PR.pdb,Praseodymium,PR,A,503,47.576,-17.262,22.411,4,1,2,ACT512|ASP211|PGE507|GLU207
6EUQ,6EUQ_A_504_PR.pdb,Praseodymium,PR,A,504,50.092,-20.013,24.226,2,1,2,PGE507|GLU207
6F2H,6F2H_C_201_TB.pdb,Terbium,TB,C,201,39.159,23.457,0.053,2,1,3,ARG75|IOD202
6F2H,6F2H_E_201_TB.pdb,Terbium,TB,E,201,18.28,12.911,-37.781,1,1,3,GLU160
6F2H,6F2H_F_202_TB.pdb,Terbium,TB,F,202,-13.438,49.654,-5.434,2,1,2,TYR31|GLU29
6F2H,6F2H_J_201_TB.pdb,Terbium,TB,J,201,47.787,-6.834,97.106,0,1,3,
6F2K,6F2K_A_201_TB.pdb,Terbium,TB,A,201,-0.162,25.325,34.72,1,1,3,ASP101
6F2M,6F2M_B_301_TB.pdb,Terbium,TB,B,301,9.157,27.673,35.249,1,1,2,GLU18
6FRM,6FRM_A_503_TB.pdb,Terbium,TB,A,503,-49.914,-1.369,37.867,4,1,2,ASP88|HIS89|HIS234|ASP171
6FRM,6FRM_B_502_TB.pdb,Terbium,TB,B,502,-50.911,14.18,-0.69,5,1,2,GLU86|ASP171|HIS89|ASP88|HIS234
6FRM,6FRM_D_502_TB.pdb,Terbium,TB,D,502,-63.428,48.8,21.76,1,3,3,GLU113
6FRM,6FRM_D_503_TB.pdb,Terbium,TB,D,503,-50.55,13.352,50.412,1,1,1,ASP321
6FRM,6FRM_G_502_TB.pdb,Terbium,TB,G,502,-85.831,-37.694,-50.73,1,1,2,GLU113
6FRM,6FRM_H_502_TB.pdb,Terbium,TB,H,502,-76.503,41.351,-54.494,1,1,2,GLU113
6FRN,6FRN_B_504_TB.pdb,Terbium,TB,B,504,-6.445,-2.255,155.937,7,1,1,ASP171|GOL507|HIS89|SER233|HIS234|ASP88|TYR25
6H6N,6H6N_B_201_TB.pdb,Terbium,TB,B,201,27.657,-22.109,31.568,1,1,2,GLU73
6HF6,6HF6_B_203_TB.pdb,Terbium,TB,B,203,59.613,45.249,-3.84,3,2,4,ARG71|GLU10|ARG75
6HF6,6HF6_C_203_TB.pdb,Terbium,TB,C,203,53.789,46.767,-11.628,4,2,3,ARG71|ARG75|GLU10|ARG71
6HF7,6HF7_C_201_TB.pdb,Terbium,TB,C,201,14.741,47.173,16.939,0,1,2,
6HK1,6HK1_A_307_TB.pdb,Terbium,TB,A,307,-9.216,30.191,16.786,0,1,1,
6HK1,6HK1_A_308_TB.pdb,Terbium,TB,A,308,-31.243,27.099,19.188,1,1,3,GLU257
6HK1,6HK1_C_302_TB.pdb,Terbium,TB,C,302,-101.11,-33.756,114.773,1,1,1,GLU51
6HK1,6HK1_C_303_TB.pdb,Terbium,TB,C,303,-73.318,-53.413,102.5,1,1,1,ASP177
6HK1,6HK1_E_303_TB.pdb,Terbium,TB,E,303,-32.346,-32.861,58.44,1,2,3,ASP90
6HK1,6HK1_E_304_TB.pdb,Terbium,TB,E,304,-8.453,-11.111,64.013,1,1,1,ASP177
6HK1,6HK1_F_302_TB.pdb,Terbium,TB,F,302,-65.342,-16.65,80.031,1,2,2,GLU29
6HVQ,6HVQ_A_201_LA.pdb,Lanthanum,LA,A,201,9.208,-7.381,-40.581,3,3,3,ASP130|ASP130|ASP130
6HVQ,6HVQ_A_202_LA.pdb,Lanthanum,LA,A,202,-9.146,-13.566,-52.904,4,4,4,HIS31|GLU62|ASP58|LYS141
6HVQ,6HVQ_A_203_LA.pdb,Lanthanum,LA,A,203,-6.185,-24.068,-29.279,4,5,5,ASN5|GLU11|SER6|VAL7
6HVQ,6HVQ_A_204_LA.pdb,Lanthanum,LA,A,204,7.353,-8.476,-29.123,1,3,4,GLU118
6HVQ,6HVQ_A_205_LA.pdb,Lanthanum,LA,A,205,9.614,-8.618,-30.277,1,2,5,ASP121
6HVQ,6HVQ_A_206_LA.pdb,Lanthanum,LA,A,206,-13.77,12.409,-52.713,1,3,5,GLU44
6HVQ,6HVQ_A_207_LA.pdb,Lanthanum,LA,A,207,12.098,-12.439,-34.279,2,5,10,ASP121|ASP121
6HVQ,6HVQ_A_208_LA.pdb,Lanthanum,LA,A,208,-7.276,-9.924,-52.822,1,5,5,ASP58
6HVQ,6HVQ_A_209_LA.pdb,Lanthanum,LA,A,209,-5.549,-8.253,-51.84,0,3,3,
6HVQ,6HVQ_B_201_LA.pdb,Lanthanum,LA,B,201,-23.921,3.534,-51.339,3,4,4,GLU62|ASP58|HIS31
6HVQ,6HVQ_B_202_LA.pdb,Lanthanum,LA,B,202,-46.72,-6.36,-43.568,3,4,4,SER6|VAL7|GLU11
6HVQ,6HVQ_B_203_LA.pdb,Lanthanum,LA,B,203,-7.172,-33.805,-61.265,2,2,2,HIS37|ASP96
6HVQ,6HVQ_B_204_LA.pdb,Lanthanum,LA,B,204,-9.765,-12.939,-66.653,1,2,3,GLU44
6HVQ,6HVQ_B_205_LA.pdb,Lanthanum,LA,B,205,-10.005,-12.875,-69.16,0,1,2,
6HVQ,6HVQ_B_206_LA.pdb,Lanthanum,LA,B,206,-23.369,1.66,-55.805,3,1,5,GLU59|GLU55|ASP58
6HVQ,6HVQ_B_208_LA.pdb,Lanthanum,LA,B,208,-24.301,1.44,-57.694,1,1,1,GLU59
6HVQ,6HVQ_C_201_LA.pdb,Lanthanum,LA,C,201,16.484,-3.645,-61.941,3,1,1,ASP58|GLU62|LYS141
6HVQ,6HVQ_C_202_LA.pdb,Lanthanum,LA,C,202,-0.017,-36.954,-60.455,1,3,3,GLU100
6HVQ,6HVQ_C_203_LA.pdb,Lanthanum,LA,C,203,12.948,-17.672,-36.398,1,6,7,GLU118
6HVQ,6HVQ_C_204_LA.pdb,Lanthanum,LA,C,204,30.642,-19.736,-46.857,3,4,5,GLU11|VAL7|SER6
6HVQ,6HVQ_C_205_LA.pdb,Lanthanum,LA,C,205,-7.423,-13.241,-68.077,1,3,4,GLU44
6HVQ,6HVQ_C_206_LA.pdb,Lanthanum,LA,C,206,12.329,-15.905,-35.109,1,7,10,ASP121
6HVQ,6HVQ_C_207_LA.pdb,Lanthanum,LA,C,207,15.455,-10.401,-34.881,1,6,8,ASP121
6HVQ,6HVQ_C_208_LA.pdb,Lanthanum,LA,C,208,12.137,-4.425,-60.025,2,1,2,ASP58|GLU59
6HVQ,6HVQ_C_209_LA.pdb,Lanthanum,LA,C,209,10.911,-4.306,-58.256,1,1,2,GLU59
6HVQ,6HVQ_D_201_LA.pdb,Lanthanum,LA,D,201,-26.933,16.233,-77.077,2,2,2,GLU62|ASP58
6HVQ,6HVQ_D_202_LA.pdb,Lanthanum,LA,D,202,-49.431,4.414,-62.168,1,5,5,GLU118
6HVQ,6HVQ_D_203_LA.pdb,Lanthanum,LA,D,203,-52.204,21.247,-74.673,3,3,4,GLU11|SER6|VAL7
6HVQ,6HVQ_D_204_LA.pdb,Lanthanum,LA,D,204,-33.439,25.476,-41.534,2,2,2,GLU100|ASP96
6HVQ,6HVQ_D_205_LA.pdb,Lanthanum,LA,D,205,-13.991,14.917,-54.051,1,3,5,GLU44
6HVQ,6HVQ_D_206_LA.pdb,Lanthanum,LA,D,206,-35.388,26.951,-42.396,1,1,3,GLU100
6HVQ,6HVQ_D_207_LA.pdb,Lanthanum,LA,D,207,-43.854,30.862,-61.421,1,4,4,GLU85
6HVQ,6HVQ_D_208_LA.pdb,Lanthanum,LA,D,208,-40.995,34.156,-59.871,1,3,3,GLU85
6HVQ,6HVQ_E_201_LA.pdb,Lanthanum,LA,E,201,-0.231,12.981,-45.32,3,4,4,HIS31|GLU62|ASP58
6HVQ,6HVQ_E_202_LA.pdb,Lanthanum,LA,E,202,19.127,-6.484,-34.389,1,5,6,GLU118
6HVQ,6HVQ_E_203_LA.pdb,Lanthanum,LA,E,203,17.514,-8.248,-34.457,1,4,9,ASP121
6HVQ,6HVQ_E_204_LA.pdb,Lanthanum,LA,E,204,11.882,-8.78,-32.214,1,5,6,ASP121
6HVQ,6HVQ_E_205_LA.pdb,Lanthanum,LA,E,205,1.695,9.927,-48.298,1,4,5,ASP58
6HVQ,6HVQ_E_206_LA.pdb,Lanthanum,LA,E,206,25.789,23.258,-39.716,1,1,1,GLU85
6HVQ,6HVQ_F_201_LA.pdb,Lanthanum,LA,F,201,12.237,22.158,-61.879,3,4,4,ASP58|GLU62|HIS31
6HVQ,6HVQ_F_203_LA.pdb,Lanthanum,LA,F,203,3.829,47.097,-69.514,1,5,5,ASP121
6HVQ,6HVQ_F_204_LA.pdb,Lanthanum,LA,F,204,19.214,46.163,-54.187,3,6,6,VAL7|GLU11|SER6
6HVQ,6HVQ_F_205_LA.pdb,Lanthanum,LA,F,205,-11.56,14.08,-52.798,1,3,6,GLU44
6HVQ,6HVQ_F_206_LA.pdb,Lanthanum,LA,F,206,-13.528,26.083,-63.73,0,1,2,
6HVQ,6HVQ_F_207_LA.pdb,Lanthanum,LA,F,207,1.779,38.287,-36.929,1,4,5,GLU85
6HVQ,6HVQ_F_208_LA.pdb,Lanthanum,LA,F,208,7.582,22.865,-62.882,1,1,3,ASP58
6HVQ,6HVQ_F_210_LA.pdb,Lanthanum,LA,F,210,5.852,23.923,-63.549,0,1,2,
6IP9,6IP9_A_203_LA.pdb,Lanthanum,LA,A,203,3.151,-7.488,-10.236,5,3,3,LYS79|ASP82|ASP87|ASP88|ASP84
6K2X,6K2X_A_1001_PR.pdb,Praseodymium,PR,A,1001,-0.925,20.459,27.216,3,5,5,VAL177|PRO175|ASP200
6K2X,6K2X_A_1002_PR.pdb,Praseodymium,PR,A,1002,12.966,37.508,34.017,2,5,5,ASP260|THR16
6NBT,6NBT_A_306_SM.pdb,Samarium,SM,A,306,-4.147,0.499,-14.788,3,1,1,ASP179|ASN178|LEU175
6NH1,6NH1_B_508_GD.pdb,Gadolinium,GD,B,508,83.721,-7.612,-188.749,3,2,2,BTB505|THR319|GLU321
6NH1,6NH1_D_506_GD.pdb,Gadolinium,GD,D,506,113.279,4.154,-191.647,3,1,1,THR319|BTB504|GLU321
6NH2,6NH2_B_507_GD.pdb,Gadolinium,GD,B,507,86.091,-6.113,-188.855,3,1,2,BTB503|THR319|GLU321
6NH2,6NH2_D_507_GD.pdb,Gadolinium,GD,D,507,116.352,5.034,-191.749,3,1,2,THR319|BTB504|GLU321
6NH3,6NH3_A_511_GD.pdb,Gadolinium,GD,A,511,65.907,-8.38,-190.525,2,3,5,GLN257|ASP384
6NH3,6NH3_B_807_GD.pdb,Gadolinium,GD,B,807,83.785,-7.917,-189.24,3,1,1,BTB804|THR319|GLU321
6NH3,6NH3_D_505_GD.pdb,Gadolinium,GD,D,505,113.521,3.671,-192.081,3,2,2,THR319|BTB503|GLU321
6NH4,6NH4_B_507_GD.pdb,Gadolinium,GD,B,507,85.025,-6.652,-189.251,3,1,1,BTB504|THR319|GLU321
6NH4,6NH4_D_506_GD.pdb,Gadolinium,GD,D,506,114.845,4.829,-192.168,3,1,1,THR319|BTB504|GLU321
6NH5,6NH5_B_508_GD.pdb,Gadolinium,GD,B,508,84.127,-7.972,-188.958,3,1,1,BTB504|THR319|GLU321
6NH5,6NH5_D_506_GD.pdb,Gadolinium,GD,D,506,113.873,3.725,-191.876,3,1,1,THR319|BTB503|GLU321
6NH6,6NH6_B_508_GD.pdb,Gadolinium,GD,B,508,85.411,-6.659,-189.384,3,2,2,BTB504|GLU321|THR319
6NH6,6NH6_D_508_GD.pdb,Gadolinium,GD,D,508,115.278,4.836,-192.215,3,1,1,THR319|BTB504|GLU321
6NH7,6NH7_A_509_GD.pdb,Gadolinium,GD,A,509,-17.754,36.327,2.928,1,2,3,BTB504
6NH7,6NH7_A_510_GD.pdb,Gadolinium,GD,A,510,-6.838,23.519,-62.599,2,2,2,GLU156|GLN164
6NH7,6NH7_B_507_GD.pdb,Gadolinium,GD,B,507,-32.113,25.917,6.305,3,2,2,THR319|GLU321|BTB504
6NH7,6NH7_B_508_GD.pdb,Gadolinium,GD,B,508,-44.503,-30.433,-3.055,1,2,4,BTB505
6NH8,6NH8_A_510_GD.pdb,Gadolinium,GD,A,510,66.93,-5.231,-198.995,1,2,2,BTB504
6NH8,6NH8_B_508_GD.pdb,Gadolinium,GD,B,508,83.876,-7.305,-188.135,3,2,2,BTB504|THR319|GLU321
6NH8,6NH8_C_510_GD.pdb,Gadolinium,GD,C,510,96.833,2.506,-180.207,1,2,4,BTB504
6NH8,6NH8_D_507_GD.pdb,Gadolinium,GD,D,507,113.802,4.724,-190.991,3,1,1,THR319|BTB504|GLU321
6NHF,6NHF_A_510_GD.pdb,Gadolinium,GD,A,510,66.814,-5.431,-198.875,1,3,3,BTB504
6NHF,6NHF_B_508_GD.pdb,Gadolinium,GD,B,508,83.249,-7.346,-188.091,3,2,2,BTB504|GLU321|THR319
6NHF,6NHF_C_510_GD.pdb,Gadolinium,GD,C,510,96.455,2.583,-180.169,1,3,3,BTB504
6NHF,6NHF_D_507_GD.pdb,Gadolinium,GD,D,507,112.987,4.686,-190.997,3,1,1,THR319|BTB504|GLU321
6NQ7,6NQ7_A_301_GD.pdb,Gadolinium,GD,A,301,-12.282,-3.276,42.734,1,2,2,HIS87
6OC5,6OC5_A_701_LA.pdb,Lanthanum,LA,A,701,-29.448,37.337,-43.291,4,1,1,GLU192|ASN276|ASP318|ASP320
6OC5,6OC5_B_701_LA.pdb,Lanthanum,LA,B,701,-13.487,-4.947,-15.31,4,1,1,GLU192|ASP318|ASN276|ASP320
6P74,6P74_A_614_SM.pdb,Samarium,SM,A,614,66.852,20.767,113.017,2,3,3,GLU480|ASP431
6POU,6POU_A_507_GD.pdb,Gadolinium,GD,A,507,18.541,4.728,-11.762,1,2,3,BTB504
6POU,6POU_B_508_GD.pdb,Gadolinium,GD,B,508,28.354,6.771,4.777,3,1,1,THR319|BTB504|GLU321
6POU,6POU_C_509_GD.pdb,Gadolinium,GD,C,509,19.58,3.829,-68.954,2,2,3,BTB504|ASP384
6POU,6POU_D_507_GD.pdb,Gadolinium,GD,D,507,36.805,-1.803,-39.981,1,2,3,BTB503
6POU,6POU_D_508_GD.pdb,Gadolinium,GD,D,508,29.398,7.483,-54.174,3,2,2,BTB504|THR319|GLU321
6POU,6POU_F_807_GD.pdb,Gadolinium,GD,F,807,26.344,-4.528,-25.219,3,1,2,BTB805|THR319|GLU321
6POV,6POV_B_508_GD.pdb,Gadolinium,GD,B,508,-49.344,-0.578,-189.584,3,1,1,BTB505|THR319|GLU321
6POV,6POV_D_509_GD.pdb,Gadolinium,GD,D,509,-19.394,-12.281,-192.416,3,2,2,BTB505|GLU321|THR319
6POW,6POW_B_507_GD.pdb,Gadolinium,GD,B,507,84.298,-7.968,-188.66,3,1,2,BTB504|GLU321|THR319
6POW,6POW_C_501_GD.pdb,Gadolinium,GD,C,501,66.592,-8.608,-190.136,2,1,2,BTB504|GLN257
6POW,6POW_C_510_GD.pdb,Gadolinium,GD,C,510,97.647,2.224,-181.397,2,2,2,BTB505|ASP384
6POW,6POW_D_506_GD.pdb,Gadolinium,GD,D,506,114.169,3.717,-191.436,3,1,1,THR319|GLU321|BTB504
6POX,6POX_A_511_GD.pdb,Gadolinium,GD,A,511,68.212,-5.167,-199.088,1,2,2,BTB504
6POX,6POX_B_508_GD.pdb,Gadolinium,GD,B,508,84.851,-7.12,-188.489,3,2,2,BTB504|THR319|GLU321
6POX,6POX_C_509_GD.pdb,Gadolinium,GD,C,509,98.079,2.942,-180.935,1,2,2,BTB509
6POX,6POX_D_507_GD.pdb,Gadolinium,GD,D,507,114.744,4.631,-191.306,3,1,1,THR319|BTB504|GLU321
6POY,6POY_A_509_GD.pdb,Gadolinium,GD,A,509,66.634,-5.529,-199.92,1,3,3,BTB504
6POY,6POY_B_507_GD.pdb,Gadolinium,GD,B,507,83.411,-7.36,-189.361,3,1,1,BTB504|THR319|GLU321
6POY,6POY_C_509_GD.pdb,Gadolinium,GD,C,509,96.72,2.295,-181.828,1,3,3,BTB504
6POY,6POY_D_506_GD.pdb,Gadolinium,GD,D,506,113.171,4.436,-192.167,3,1,1,THR319|BTB504|GLU321
6POZ,6POZ_A_509_GD.pdb,Gadolinium,GD,A,509,66.507,-5.439,-199.899,1,1,2,BTB504
6POZ,6POZ_B_506_GD.pdb,Gadolinium,GD,B,506,82.952,-7.701,-189.54,3,2,2,BTB503|GLU321|THR319
6POZ,6POZ_C_508_GD.pdb,Gadolinium,GD,C,508,96.383,2.065,-181.916,2,3,3,BTB507|ASP384
6POZ,6POZ_D_505_GD.pdb,Gadolinium,GD,D,505,112.44,4.329,-192.294,3,2,2,THR319|GLU321|BTB503
6PP0,6PP0_A_510_GD.pdb,Gadolinium,GD,A,510,66.573,-4.697,-200.133,1,3,3,BTB504
6PP0,6PP0_B_508_GD.pdb,Gadolinium,GD,B,508,83.171,-7.01,-189.654,3,3,3,BTB504|GLU321|THR319
6PP0,6PP0_C_510_GD.pdb,Gadolinium,GD,C,510,96.385,2.613,-181.882,1,3,4,BTB504
6PP0,6PP0_D_507_GD.pdb,Gadolinium,GD,D,507,112.716,4.765,-192.351,3,1,1,THR319|GLU321|BTB504
6PP1,6PP1_A_509_GD.pdb,Gadolinium,GD,A,509,66.889,-5.16,-199.393,1,3,3,BTB504
6PP1,6PP1_B_511_GD.pdb,Gadolinium,GD,B,511,96.74,2.537,-180.757,1,4,4,BTB504
6PP1,6PP1_D_509_GD.pdb,Gadolinium,GD,D,509,113.597,4.692,-191.463,3,1,1,THR319|BTB505|GLU321
6PP2,6PP2_B_508_GD.pdb,Gadolinium,GD,B,508,86.37,-6.497,-189.286,3,2,2,BTB504|THR319|GLU321
6PP2,6PP2_D_507_GD.pdb,Gadolinium,GD,D,507,116.703,4.924,-192.196,3,1,1,THR319|BTB504|GLU321
6PP3,6PP3_A_510_GD.pdb,Gadolinium,GD,A,510,67.878,-5.108,-198.982,1,3,3,BTB504
6PP3,6PP3_B_508_GD.pdb,Gadolinium,GD,B,508,84.896,-7.08,-188.322,3,2,2,BTB504|GLU321|THR319
6PP3,6PP3_B_511_GD.pdb,Gadolinium,GD,B,511,97.859,2.682,-180.469,1,3,3,BTB509
6PP3,6PP3_D_507_GD.pdb,Gadolinium,GD,D,507,114.845,4.81,-191.153,3,1,1,THR319|BTB504|GLU321
6PP4,6PP4_B_507_GD.pdb,Gadolinium,GD,B,507,83.958,-6.975,-189.441,3,2,2,BTB504|THR319|GLU321
6PP4,6PP4_C_501_GD.pdb,Gadolinium,GD,C,501,66.534,-7.782,-190.838,3,2,2,BTB503|ASP384|GLN257
6PP4,6PP4_D_506_GD.pdb,Gadolinium,GD,D,506,113.46,4.397,-192.178,3,1,1,THR319|GLU321|BTB504
6QSS,6QSS_D_403_TB.pdb,Terbium,TB,D,403,2.569,44.66,7.887,1,3,3,GLU288
6SR1,6SR1_A_202_GD.pdb,Gadolinium,GD,A,202,25.342,1.023,21.887,1,1,1,DO3203
6SR2,6SR2_A_202_GD.pdb,Gadolinium,GD,A,202,25.345,1.066,21.877,1,1,1,DO3203
6SR3,6SR3_A_202_GD.pdb,Gadolinium,GD,A,202,25.344,1.08,21.88,1,1,1,DO3203
6SR4,6SR4_A_202_GD.pdb,Gadolinium,GD,A,202,25.34,1.047,21.892,1,1,1,DO3203
6SR5,6SR5_A_202_GD.pdb,Gadolinium,GD,A,202,25.354,1.041,21.883,1,1,1,DO3203
6THE,6THE_A_505_YB.pdb,Ytterbium,YB,A,505,40.347,-0.069,23.912,3,1,1,ARG63|LEU62|9JE517
6WRO,6WRO_A_501_GD.pdb,Gadolinium,GD,A,501,-8.741,15.823,35.769,5,1,1,ASP153|ASP317|GLU79|ASP156|SO4504
6WRR,6WRR_A_501_GD.pdb,Gadolinium,GD,A,501,-8.837,15.781,35.724,5,2,2,ASP153|ASP317|GLU79|ASP156|SO4504
6WRR,6WRR_A_502_GD.pdb,Gadolinium,GD,A,502,-2.948,12.526,35.565,4,1,2,GLU80|GLU79|ASP54|SO4504
6WRY,6WRY_A_403_GD.pdb,Gadolinium,GD,A,403,-15.959,-9.029,-0.113,5,1,1,ASP317|ASP153|GLU79|SO4402|ASP156
6Y1R,6Y1R_A_202_TB.pdb,Terbium,TB,A,202,-6.185,-11.966,59.843,6,3,3,SER63|ASP62|ASP62|GLU61|GLU61|SER63
6Y1R,6Y1R_C_202_TB.pdb,Terbium,TB,C,202,0.616,-48.769,1.294,4,3,3,GLU42|GLU42|GLY42|ASP42
6Y1R,6Y1R_C_205_TB.pdb,Terbium,TB,C,205,-5.918,-36.648,18.693,6,3,3,SER63|GLU61|ASP62|GLU61|SER63|ASP62
6Y1R,6Y1R_E_202_TB.pdb,Terbium,TB,E,202,-10.324,-46.821,-1.579,6,3,3,ASP42|ASN42|GLY42|ASP42|TRP42|ILE42
6ZV9,6ZV9_A_201_TB.pdb,Terbium,TB,A,201,16.198,-7.852,21.793,4,1,1,GLU31|GLU154|GLU31|GLU154
7AV0,7AV0_A_703_YB.pdb,Ytterbium,YB,A,703,-24.222,48.965,-6.053,2,1,1,ASP481|ACT702
7AV0,7AV0_A_705_YB.pdb,Ytterbium,YB,A,705,-24.023,-9.398,-26.865,1,1,2,ASP426
7AV2,7AV2_A_704_YB.pdb,Ytterbium,YB,A,704,-56.605,-16.806,2.658,1,1,2,ASP175
7FXP,7FXP_A_202_TB3.pdb,Terbium,TB3,A,202,-6.188,7.705,-19.761,1,1,2,PHE17
7JWS,7JWS_A_601_YB.pdb,Ytterbium,YB,A,601,30.446,-29.596,39.887,0,7,8,
7JWS,7JWS_A_603_YB.pdb,Ytterbium,YB,A,603,18.341,-13.048,4.404,2,1,1,ASP285|ASP283
7JWT,7JWT_A_601_YB.pdb,Ytterbium,YB,A,601,30.54,-29.463,40.189,0,5,6,
7JWU,7JWU_A_601_YB.pdb,Ytterbium,YB,A,601,30.407,-29.693,39.647,0,5,6,
7JWU,7JWU_A_602_YB.pdb,Ytterbium,YB,A,602,44.225,-14.657,35.381,2,5,6,NAD605|CL604
7JWV,7JWV_A_601_YB.pdb,Ytterbium,YB,A,601,29.495,139.705,40.065,0,5,7,
7JWW,7JWW_A_601_YB.pdb,Ytterbium,YB,A,601,30.484,-29.262,40.169,0,5,7,
7LJI,7LJI_A_501_GD3.pdb,Gadolinium,GD3,A,501,-8.012,19.992,47.529,5,2,2,HIS94|ASP121|ASP184|GLU156|GLU155
7LJI,7LJI_B_501_GD3.pdb,Gadolinium,GD3,B,501,21.967,58.6,90.501,5,2,2,HIS94|GLU155|GLU156|ASP184|ASP121
7LJI,7LJI_B_502_GD3.pdb,Gadolinium,GD3,B,502,23.159,79.608,70.859,2,1,1,ASP28|ARG25
7LPZ,7LPZ_A_502_SM.pdb,Samarium,SM,A,502,65.797,15.164,5.881,3,4,5,AMP501|ASP150|ASP312
7LPZ,7LPZ_B_502_SM.pdb,Samarium,SM,B,502,55.948,45.742,-19.347,3,5,5,AMP501|ASP312|ASP150
7LPZ,7LPZ_B_503_SM.pdb,Samarium,SM,B,503,55.807,44.027,-18.211,5,1,3,AMP501|GLU152|PHE151|ASP312|ASP150
7LW9,7LW9_A_504_SM.pdb,Samarium,SM,A,504,46.336,32.563,25.075,6,2,2,DG10|DA9|LEU197|GLU196|ASP182|ACT502
7M56,7M56_B_506_GD.pdb,Gadolinium,GD,B,506,-37.094,26.658,4.287,3,1,1,BTB505|GLU321|THR319
7NX1,7NX1_A_403_TB.pdb,Terbium,TB,A,403,33.423,37.272,17.867,0,4,4,
7NX1,7NX1_A_404_TB.pdb,Terbium,TB,A,404,60.113,49.114,18.839,2,2,2,ASP335|GLU347
7O9P,7O9P_A_401_GD.pdb,Gadolinium,GD,A,401,17.029,18.5,-15.791,5,1,1,GLU141|GLY139|ARG110|ASP169|LYS109
7O9P,7O9P_A_402_GD.pdb,Gadolinium,GD,A,402,18.951,8.111,4.865,0,4,6,
7O9P,7O9P_A_403_GD.pdb,Gadolinium,GD,A,403,25.819,33.768,-1.876,2,1,2,GLN102|GLU132
7O9P,7O9P_A_404_GD.pdb,Gadolinium,GD,A,404,21.924,29.339,-12.361,2,4,4,GLU70|GLU106
7O9P,7O9P_A_405_GD.pdb,Gadolinium,GD,A,405,24.62,31.029,-1.945,3,2,3,LYS165|GLU134|GLU132
7O9P,7O9P_A_406_GD.pdb,Gadolinium,GD,A,406,35.743,6.075,-3.893,0,2,2,
7O9P,7O9P_A_407_GD.pdb,Gadolinium,GD,A,407,33.622,8.691,-3.408,3,2,2,ASN181|ASP183|GLN206
7O9P,7O9P_A_409_GD.pdb,Gadolinium,GD,A,409,43.654,43.413,-3.075,0,1,1,
7O9P,7O9P_A_410_GD.pdb,Gadolinium,GD,A,410,46.485,40.86,-3.205,1,1,3,GLU59
7O9P,7O9P_A_411_GD.pdb,Gadolinium,GD,A,411,45.077,45.312,2.253,0,1,2,
7O9P,7O9P_A_416_GD.pdb,Gadolinium,GD,A,416,22.812,33.066,-3.615,0,2,2,
7O9P,7O9P_A_418_GD.pdb,Gadolinium,GD,A,418,3.095,14.407,11.491,1,1,1,ASP264
7O9P,7O9P_A_422_GD.pdb,Gadolinium,GD,A,422,40.763,46.49,-3.343,1,1,4,ASP40
7O9P,7O9P_A_426_GD.pdb,Gadolinium,GD,A,426,46.208,50.274,-5.584,0,1,1,
7O9P,7O9P_A_429_GD.pdb,Gadolinium,GD,A,429,41.465,44.642,-0.439,0,1,2,
7O9P,7O9P_A_432_GD.pdb,Gadolinium,GD,A,432,49.228,34.84,-20.549,1,1,1,ASP34
7O9P,7O9P_A_436_GD.pdb,Gadolinium,GD,A,436,42.125,49.552,2.446,0,3,4,
7O9P,7O9P_A_437_GD.pdb,Gadolinium,GD,A,437,39.826,46.416,3.174,0,2,2,
7O9P,7O9P_A_441_GD.pdb,Gadolinium,GD,A,441,14.301,19.145,-17.478,3,1,1,GLU141|ARG110|ASP169
7O9P,7O9P_A_442_GD.pdb,Gadolinium,GD,A,442,37.885,17.862,18.607,3,1,1,ASN253|SER232|GLY233
7P3H,7P3H_B_101_TB.pdb,Terbium,TB,B,101,43.488,43.653,37.856,2,1,1,GLU6|GLU3
7TSG,7TSG_A_510_GD.pdb,Gadolinium,GD,A,510,65.98,-5.163,-200.177,1,3,3,BTB504
7TSG,7TSG_B_509_GD.pdb,Gadolinium,GD,B,509,83.129,-7.316,-189.23,3,2,2,BTB504|GLU321|THR319
7TSG,7TSG_B_510_GD.pdb,Gadolinium,GD,B,510,96.064,2.422,-181.427,1,3,3,BTB504
7TSG,7TSG_D_508_GD.pdb,Gadolinium,GD,D,508,113.128,4.806,-192.308,3,1,1,THR319|BTB504|GLU321
7TSH,7TSH_A_510_GD.pdb,Gadolinium,GD,A,510,66.857,-4.977,-199.122,1,3,3,BTB504
7TSH,7TSH_B_508_GD.pdb,Gadolinium,GD,B,508,83.957,-7.27,-188.326,3,2,2,BTB504|GLU321|THR319
7TSH,7TSH_B_509_GD.pdb,Gadolinium,GD,B,509,96.808,2.566,-180.58,1,3,3,BTB504
7TSH,7TSH_D_509_GD.pdb,Gadolinium,GD,D,509,113.869,4.867,-191.195,3,1,1,BTB504|THR319|GLU321
7TSI,7TSI_A_511_GD.pdb,Gadolinium,GD,A,511,66.084,-5.31,-196.889,2,3,3,BTB504|ASP384
7TSI,7TSI_B_509_GD.pdb,Gadolinium,GD,B,509,82.566,-7.068,-186.322,3,2,2,BTB504|GLU321|THR319
7TSI,7TSI_C_512_GD.pdb,Gadolinium,GD,C,512,95.502,2.424,-178.692,1,2,2,BTB504
7TSI,7TSI_D_509_GD.pdb,Gadolinium,GD,D,509,112.094,4.674,-189.271,3,1,1,THR319|BTB504|GLU321
7TSK,7TSK_A_510_GD.pdb,Gadolinium,GD,A,510,65.92,-5.01,-199.967,1,2,2,BTB504
7TSK,7TSK_B_508_GD.pdb,Gadolinium,GD,B,508,82.774,-7.33,-189.225,3,2,2,BTB504|GLU321|THR319
7TSK,7TSK_C_509_GD.pdb,Gadolinium,GD,C,509,95.816,2.42,-181.532,2,2,2,BTB504|ASP384
7TSK,7TSK_D_508_GD.pdb,Gadolinium,GD,D,508,112.699,4.767,-192.247,3,1,1,BTB504|THR319|GLU321
7TSL,7TSL_A_510_GD.pdb,Gadolinium,GD,A,510,67.389,-5.366,-199.824,1,4,4,BTB504
7TSL,7TSL_B_508_GD.pdb,Gadolinium,GD,B,508,84.367,-7.328,-189.026,3,2,2,BTB504|GLU321|THR319
7TSL,7TSL_C_510_GD.pdb,Gadolinium,GD,C,510,97.354,2.565,-181.155,1,2,2,BTB504
7TSL,7TSL_D_507_GD.pdb,Gadolinium,GD,D,507,114.551,4.738,-192.005,3,1,1,THR319|BTB504|GLU321
7TSM,7TSM_A_510_GD.pdb,Gadolinium,GD,A,510,67.3,-5.401,-199.133,1,2,2,BTB504
7TSM,7TSM_B_508_GD.pdb,Gadolinium,GD,B,508,83.742,-7.269,-188.541,3,2,2,BTB504|GLU321|THR319
7TSM,7TSM_C_509_GD.pdb,Gadolinium,GD,C,509,96.709,2.428,-180.579,1,2,2,BTB504
7TSM,7TSM_D_508_GD.pdb,Gadolinium,GD,D,508,113.617,4.666,-191.517,3,1,1,THR319|BTB504|GLU321
7TSN,7TSN_A_510_GD.pdb,Gadolinium,GD,A,510,66.207,-5.047,-196.814,2,1,2,BTB504|ASP384
7TSN,7TSN_B_508_GD.pdb,Gadolinium,GD,B,508,82.528,-7.159,-186.21,3,2,2,BTB504|GLU321|THR319
7TSN,7TSN_C_512_GD.pdb,Gadolinium,GD,C,512,95.284,2.512,-178.62,1,2,3,BTB504
7TSN,7TSN_D_508_GD.pdb,Gadolinium,GD,D,508,111.941,4.647,-189.112,3,1,1,THR319|BTB504|GLU321
7TSO,7TSO_A_510_GD.pdb,Gadolinium,GD,A,510,66.461,-5.355,-199.893,1,2,3,BTB504
7TSO,7TSO_B_508_GD.pdb,Gadolinium,GD,B,508,83.222,-7.338,-188.973,3,2,2,BTB504|GLU321|THR319
7TSO,7TSO_C_510_GD.pdb,Gadolinium,GD,C,510,96.256,2.499,-181.275,1,2,2,BTB504
7TSO,7TSO_D_508_GD.pdb,Gadolinium,GD,D,508,113.103,4.822,-192.001,3,1,1,THR319|BTB504|GLU321
7TSP,7TSP_A_510_GD.pdb,Gadolinium,GD,A,510,66.052,-4.979,-199.431,1,5,5,BTB504
7TSP,7TSP_B_508_GD.pdb,Gadolinium,GD,B,508,83.022,-7.319,-188.609,3,2,2,BTB504|GLU321|THR319
7TSP,7TSP_B_509_GD.pdb,Gadolinium,GD,B,509,96.095,2.415,-180.858,1,3,3,BTB504
7UAO,7UAO_A_511_GD.pdb,Gadolinium,GD,A,511,66.71,-5.08,-199.422,1,3,3,BTB504
7UAO,7UAO_B_508_GD.pdb,Gadolinium,GD,B,508,83.61,-7.356,-188.53,3,2,2,BTB504|THR319|GLU321
7UAO,7UAO_B_509_GD.pdb,Gadolinium,GD,B,509,96.589,2.422,-180.652,1,3,3,BTB504
7UAO,7UAO_D_509_GD.pdb,Gadolinium,GD,D,509,113.419,4.813,-191.494,3,1,1,THR319|BTB504|GLU321
7UM9,7UM9_A_602_YB.pdb,Ytterbium,YB,A,602,30.423,-29.751,39.759,0,5,5,
7UM9,7UM9_A_603_YB.pdb,Ytterbium,YB,A,603,44.31,-14.595,35.443,1,5,5,NAD605
8AB2,8AB2_A_403_TB.pdb,Terbium,TB,A,403,76.746,-14.819,43.381,0,1,2,
8AVA,8AVA_A_702_YB.pdb,Ytterbium,YB,A,702,-14.336,-38.155,6.001,2,1,1,ACT707|ASP47
8AVA,8AVA_A_703_YB.pdb,Ytterbium,YB,A,703,17.129,-16.674,-2.636,1,3,5,ASP175
8AVA,8AVA_A_704_YB.pdb,Ytterbium,YB,A,704,-15.174,-9.172,26.65,2,4,6,ACT712|ASP426
8AVA,8AVA_A_705_YB.pdb,Ytterbium,YB,A,705,7.917,-19.31,-19.762,1,3,5,GLU182
8AWH,8AWH_A_702_YB.pdb,Ytterbium,YB,A,702,-14.106,-38.418,5.955,2,1,1,ACT706|ASP47
8AWH,8AWH_A_703_YB.pdb,Ytterbium,YB,A,703,17.226,-16.728,-2.509,1,1,3,ASP175
8AWH,8AWH_A_704_YB.pdb,Ytterbium,YB,A,704,-15.304,-9.23,26.661,2,2,3,ACT711|ASP426
8CH0,8CH0_A_201_GD.pdb,Gadolinium,GD,A,201,-16.88,17.542,0.601,2,3,3,ASP18|GLU19
8CH0,8CH0_A_202_GD.pdb,Gadolinium,GD,A,202,-23.666,12.959,9.266,1,1,1,ASP50
8CH0,8CH0_A_203_GD.pdb,Gadolinium,GD,A,203,-28.645,8.677,9.635,2,2,2,GLU53|ASP52
8CMQ,8CMQ_A_305_TB.pdb,Terbium,TB,A,305,-16.834,-17.46,-0.601,2,4,4,ASP18|GLU19
8CMQ,8CMQ_A_306_TB.pdb,Terbium,TB,A,306,-23.526,-12.903,-9.281,1,1,1,ASP50
8CMQ,8CMQ_A_307_TB.pdb,Terbium,TB,A,307,-28.495,-8.657,-9.66,2,1,1,ASP52|GLU53
8CR8,8CR8_A_401_TB.pdb,Terbium,TB,A,401,-8.907,15.072,-7.168,2,1,1,GLU44|GLU22
8E0Y,8E0Y_A_402_PR.pdb,Praseodymium,PR,A,402,-35.776,-28.128,54.003,2,4,4,FLC403|ASP121
8E0Y,8E0Y_B_402_PR.pdb,Praseodymium,PR,B,402,-46.302,-11.19,15.657,3,2,3,FLC404|ACT405|ASP121
8E0Y,8E0Y_C_403_PR.pdb,Praseodymium,PR,C,403,-52.232,-5.297,49.734,2,4,4,FLC404|ASP121
8E0Y,8E0Y_D_401_PR.pdb,Praseodymium,PR,D,401,-77.109,-36.207,25.393,5,1,1,ASP326|GLU302|HIS268|ARG92|CYS61
8E0Y,8E0Y_D_402_PR.pdb,Praseodymium,PR,D,402,-49.228,-38.601,22.522,2,5,5,FLC403|ASP121
8FGN,8FGN_A_510_GD.pdb,Gadolinium,GD,A,510,68.033,-5.15,-197.67,1,2,2,BTB504
8FGN,8FGN_B_507_GD.pdb,Gadolinium,GD,B,507,84.897,-7.078,-187.134,3,2,2,BTB504|THR319|GLU321
8FGN,8FGN_C_510_GD.pdb,Gadolinium,GD,C,510,97.822,2.777,-179.299,1,3,4,BTB504
8FGN,8FGN_D_507_GD.pdb,Gadolinium,GD,D,507,114.608,4.781,-189.847,3,1,1,THR319|BTB504|GLU321
8FGO,8FGO_A_510_GD.pdb,Gadolinium,GD,A,510,67.165,-5.301,-199.856,1,2,3,BTB504
8FGO,8FGO_B_508_GD.pdb,Gadolinium,GD,B,508,84.351,-7.348,-188.909,3,2,2,BTB504|GLU321|THR319
8FGO,8FGO_B_510_GD.pdb,Gadolinium,GD,B,510,97.228,2.427,-181.042,1,1,2,BTB504
8FGO,8FGO_D_508_GD.pdb,Gadolinium,GD,D,508,114.347,4.689,-191.921,3,1,1,THR319|BTB504|GLU321
8FGP,8FGP_A_510_GD.pdb,Gadolinium,GD,A,510,68.526,-5.465,-199.224,1,2,4,BTB504
8FGP,8FGP_B_508_GD.pdb,Gadolinium,GD,B,508,85.512,-7.019,-188.522,3,2,2,BTB504|THR319|GLU321
8FGP,8FGP_B_509_GD.pdb,Gadolinium,GD,B,509,98.635,2.882,-180.639,1,3,3,BTB504
8FGP,8FGP_D_507_GD.pdb,Gadolinium,GD,D,507,115.558,4.692,-191.375,3,1,1,THR319|BTB504|GLU321
8FGQ,8FGQ_A_509_GD.pdb,Gadolinium,GD,A,509,68.243,-5.135,-198.547,1,3,3,BTB504
8FGQ,8FGQ_B_508_GD.pdb,Gadolinium,GD,B,508,85.279,-7.046,-187.986,3,2,2,BTB504|THR319|GLU321
8FGQ,8FGQ_C_510_GD.pdb,Gadolinium,GD,C,510,98.206,2.763,-180.13,1,2,4,BTB504
8FGQ,8FGQ_D_507_GD.pdb,Gadolinium,GD,D,507,115.057,4.763,-190.736,3,1,1,THR319|BTB504|GLU321
8FGR,8FGR_A_509_GD.pdb,Gadolinium,GD,A,509,66.176,-5.516,-196.919,1,2,3,BTB503
8FGR,8FGR_B_509_GD.pdb,Gadolinium,GD,B,509,82.615,-7.068,-186.312,3,2,2,BTB504|GLU321|THR319
8FGR,8FGR_D_509_GD.pdb,Gadolinium,GD,D,509,112.006,4.593,-189.178,3,1,1,THR319|BTB504|GLU321
8FGS,8FGS_A_510_GD.pdb,Gadolinium,GD,A,510,66.246,-4.932,-199.335,1,3,3,BTB504
8FGS,8FGS_B_511_GD.pdb,Gadolinium,GD,B,511,83.286,-7.267,-188.558,3,2,2,BTB504|GLU321|THR319
8FGS,8FGS_B_512_GD.pdb,Gadolinium,GD,B,512,96.267,2.446,-180.659,1,4,4,BTB504
8FGS,8FGS_D_508_GD.pdb,Gadolinium,GD,D,508,113.07,4.729,-191.441,3,1,1,THR319|BTB504|GLU321
8FGT,8FGT_A_510_GD.pdb,Gadolinium,GD,A,510,64.454,-5.006,-196.99,1,3,3,BTB503
8FGT,8FGT_B_508_GD.pdb,Gadolinium,GD,B,508,80.969,-7.279,-186.296,3,2,2,BTB504|GLU321|THR319
8FGT,8FGT_B_509_GD.pdb,Gadolinium,GD,B,509,93.957,2.359,-178.63,1,3,3,BTB504
8FGT,8FGT_D_509_GD.pdb,Gadolinium,GD,D,509,110.213,4.664,-189.245,3,1,1,THR319|BTB504|GLU321
8FGU,8FGU_A_509_GD.pdb,Gadolinium,GD,A,509,66.907,-5.112,-199.584,1,3,3,BTB504
8FGU,8FGU_B_508_GD.pdb,Gadolinium,GD,B,508,83.756,-7.287,-188.781,3,2,2,BTB504|GLU321|THR319
8FGU,8FGU_C_509_GD.pdb,Gadolinium,GD,C,509,96.715,2.465,-181.032,1,2,2,BTB504
8FNR,8FNR_A_204_DY.pdb,Dysprosium,DY,A,204,-3.311,10.991,8.378,5,1,1,GLU118|ASP107|ASN109|LYS113|ASP111
8FNR,8FNR_B_203_DY.pdb,Dysprosium,DY,B,203,36.75,-1.247,-3.272,5,1,1,ASP111|LYS113|ASN109|GLU118|ASP107
8FNR,8FNR_C_203_DY.pdb,Dysprosium,DY,C,203,36.097,-15.902,36.051,5,1,1,ASP107|LYS113|GLU118|ASN109|ASP111
8FNR,8FNR_D_204_DY.pdb,Dysprosium,DY,D,204,-5.212,-27.475,24.228,5,1,1,ASP111|LYS113|ASN109|GLU118|ASP107
8FNS,8FNS_A_201_ND.pdb,Neodymium,ND,A,201,19.427,7.049,62.123,5,2,2,THR41|ASP35|ASP39|GLU46|ASP37
8FNS,8FNS_A_202_ND.pdb,Neodymium,ND,A,202,27.147,24.748,39.188,5,2,2,ASP59|GLU70|ASP61|ASP63|THR65
8FNS,8FNS_A_203_ND.pdb,Neodymium,ND,A,203,28.578,31.754,48.079,5,2,2,THR90|ASP88|ASP84|GLU95|ASP86
8FNS,8FNS_A_204_ND.pdb,Neodymium,ND,A,204,12.797,15.041,67.239,5,2,2,GLU119|ASP110|ASP112|ASN108|THR114
8POB,8POB_A_202_TB.pdb,Terbium,TB,A,202,1.721,-29.738,20.916,1,1,1,ZW0203
8QQ4,8QQ4_A_703_YB.pdb,Ytterbium,YB,A,703,-24.203,48.947,-6.015,2,2,2,ASP482|ACT702
8QQ4,8QQ4_A_704_YB.pdb,Ytterbium,YB,A,704,-56.282,-16.694,2.673,1,1,1,ASP176
8QQ4,8QQ4_A_705_YB.pdb,Ytterbium,YB,A,705,-23.893,-9.343,-26.835,1,2,3,ASP427
8T0N,8T0N_A_601_YB.pdb,Ytterbium,YB,A,601,30.507,-29.64,40.018,0,6,7,
8T0N,8T0N_A_602_YB.pdb,Ytterbium,YB,A,602,44.378,-14.541,35.395,2,4,4,NAD604|GLU349
8T0T,8T0T_A_601_YB.pdb,Ytterbium,YB,A,601,30.682,-29.524,40.329,0,6,6,
8U7C,8U7C_A_201_TB.pdb,Terbium,TB,A,201,21.629,21.988,34.418,3,1,1,BTB204|GLU91|GLU88
8U7C,8U7C_D_201_TB.pdb,Terbium,TB,D,201,12.667,25.369,8.558,3,1,1,GLU74|BTB209|GLU77
8U7C,8U7C_D_202_TB.pdb,Terbium,TB,D,202,0.674,-0.668,-3.282,3,1,1,BTB208|BTB207|GLU56
8U7C,8U7C_D_203_ER3.pdb,Erbium,ER3,D,203,-0.352,0.798,-0.09,2,1,1,BTB207|BTB208
8UFR,8UFR_A_510_GD.pdb,Gadolinium,GD,A,510,67.21,-4.85,-199.718,1,3,3,BTB504
8UFR,8UFR_B_508_GD.pdb,Gadolinium,GD,B,508,83.976,-7.118,-189.009,3,2,2,BTB504|GLU321|THR319
8UFR,8UFR_C_510_GD.pdb,Gadolinium,GD,C,510,97.23,2.704,-181.208,1,3,4,BTB504
8UFR,8UFR_D_507_GD.pdb,Gadolinium,GD,D,507,113.697,4.842,-191.838,3,1,1,THR319|BTB504|GLU321
8UFS,8UFS_A_509_GD.pdb,Gadolinium,GD,A,509,67.1,-5.131,-198.861,1,2,2,BTB503
8UFS,8UFS_B_508_GD.pdb,Gadolinium,GD,B,508,84.258,-7.245,-188.123,3,2,2,BTB503|GLU321|THR319
8UFS,8UFS_B_511_GD.pdb,Gadolinium,GD,B,511,97.18,2.569,-180.263,1,2,3,BTB509
8UFS,8UFS_D_508_GD.pdb,Gadolinium,GD,D,508,114.199,4.679,-190.904,3,1,1,THR319|BTB503|GLU321
8UFT,8UFT_B_510_GD.pdb,Gadolinium,GD,B,510,-50.477,-0.004,-188.667,3,1,1,THR319|BTB506|GLU321
8UFT,8UFT_C_512_GD.pdb,Gadolinium,GD,C,512,-2.447,-12.16,-190.106,2,2,2,BTB506|ASP384
8UFT,8UFT_C_513_GD.pdb,Gadolinium,GD,C,513,-2.132,48.523,-184.207,2,2,2,GLU167|BTB507
8UFT,8UFT_D_510_GD.pdb,Gadolinium,GD,D,510,-20.413,-11.444,-191.876,3,2,2,BTB505|GLU321|THR319
8UFU,8UFU_B_507_GD.pdb,Gadolinium,GD,B,507,84.472,-7.04,-189.393,3,2,2,BTB504|GLU321|THR319
8UFU,8UFU_D_507_GD.pdb,Gadolinium,GD,D,507,114.219,4.654,-192.148,3,1,1,THR319|BTB503|GLU321
8UQY,8UQY_A_403_EU3.pdb,Europium,EU3,A,403,12.585,18.181,5.282,6,1,2,ASP301|MPD402|HIS230|HIS57|CL404|HIS55
8UQZ,8UQZ_A_403_GD3.pdb,Gadolinium,GD3,A,403,12.717,18.163,5.209,5,1,1,MPD402|ASP301|HIS57|CL404|HIS55
8ZST,8ZST_A_1001_GD.pdb,Gadolinium,GD,A,1001,39.56,62.938,36.997,1,1,2,DO31002
8ZST,8ZST_A_1003_GD.pdb,Gadolinium,GD,A,1003,37.121,65.884,41.768,1,1,1,DO31004
8ZSU,8ZSU_A_1001_GD.pdb,Gadolinium,GD,A,1001,39.691,63.368,36.752,1,2,4,DO31002
8ZSU,8ZSU_A_1003_GD.pdb,Gadolinium,GD,A,1003,37.205,66.222,41.554,1,1,2,DO31004
9B1V,9B1V_A_406_GD3.pdb,Gadolinium,GD3,A,406,9.152,18.595,8.711,6,1,2,PHE91|ARG74|GLY87|VAL86|ASN70|PQQ404
9B26,9B26_A_202_LA.pdb,Lanthanum,LA,A,202,-3.706,-16.111,16.086,4,1,1,ASP93|ASP95|SO4207|MLI205
9B26,9B26_A_204_LA.pdb,Lanthanum,LA,A,204,0.0,-3.723,13.697,1,1,1,ASP57
9BIF,9BIF_L_301_PR.pdb,Praseodymium,PR,L,301,13.02,-30.558,6.855,3,2,2,ASP50|ASN31|ASN32
9BIF,9BIF_D_301_PR.pdb,Praseodymium,PR,D,301,-0.026,-45.974,-17.561,4,1,2,ASN32|GLU189|ASN31|ASP50
9BIF,9BIF_K_301_PR.pdb,Praseodymium,PR,K,301,57.761,-36.935,55.848,3,2,2,ASN32|ASN31|ASP50
9BIF,9BIF_S_301_PR.pdb,Praseodymium,PR,S,301,47.522,-85.946,-12.726,3,1,1,ASN31|ASP50|GLU189
9BIF,9BIF_X_301_PR.pdb,Praseodymium,PR,X,301,60.504,-101.349,-38.007,3,1,1,ASN31|ASP50|ASN32
9C1Z,9C1Z_A_509_GD.pdb,Gadolinium,GD,A,509,66.95,-5.469,-198.689,1,3,3,BTB503
9C1Z,9C1Z_B_506_GD.pdb,Gadolinium,GD,B,506,83.985,-7.13,-188.014,3,2,2,BTB503|GLU321|THR319
9C1Z,9C1Z_B_508_GD.pdb,Gadolinium,GD,B,508,96.783,2.504,-180.312,1,2,3,BTB507
9C1Z,9C1Z_D_506_GD.pdb,Gadolinium,GD,D,506,113.893,4.557,-190.928,3,1,1,THR319|BTB503|GLU321
9C8X,9C8X_A_101_LA.pdb,Lanthanum,LA,A,101,19.428,10.838,0.0,3,1,1,GLU73|GLU70|GLU75
9C8Y,9C8Y_A_101_CE.pdb,Cerium,CE,A,101,0.0,19.522,8.987,3,1,1,GLU75|GLU70|GLU73
9CW2,9CW2_A_511_GD3.pdb,Gadolinium,GD3,A,511,66.084,-5.31,-196.889,2,3,3,BTB504|ASP384
9CW2,9CW2_B_509_GD3.pdb,Gadolinium,GD3,B,509,82.566,-7.068,-186.322,3,2,2,BTB504|GLU321|THR319
9CW2,9CW2_C_512_GD3.pdb,Gadolinium,GD3,C,512,95.502,2.424,-178.692,1,2,2,BTB504
9CW2,9CW2_D_509_GD3.pdb,Gadolinium,GD3,D,509,112.094,4.674,-189.271,3,1,1,THR319|BTB504|GLU321
9EKK,9EKK_A_1003_PR.pdb,Praseodymium,PR,A,1003,-9.056,-30.634,25.461,0,2,3,
9EKK,9EKK_B_1003_PR.pdb,Praseodymium,PR,B,1003,-26.704,29.122,-17.545,0,1,4,
9EKM,9EKM_A_1002_PR.pdb,Praseodymium,PR,A,1002,-10.983,-30.954,25.941,1,5,8,ASN876
9EKM,9EKM_B_1002_PR.pdb,Praseodymium,PR,B,1002,-26.621,29.277,-17.521,0,1,2,
9KW1,9KW1_A_1001_EU.pdb,Europium,EU,A,1001,-0.871,20.583,27.317,3,4,4,VAL177|PRO175|ASP200
9KW1,9KW1_A_1002_EU.pdb,Europium,EU,A,1002,13.145,37.824,34.203,2,5,5,ASP260|THR16
9L6D,9L6D_B_203_TB.pdb,Terbium,TB,B,203,61.584,-68.593,86.633,2,1,2,GLU2|MET0
9L6D,9L6D_B_204_TB.pdb,Terbium,TB,B,204,75.591,-38.523,81.169,2,2,3,ASP76|LYS92
9MWN,9MWN_A_509_GD.pdb,Gadolinium,GD,A,509,-33.396,-2.043,-90.36,2,2,2,BTB505|ASP384
9MWN,9MWN_B_508_GD.pdb,Gadolinium,GD,B,508,-50.128,-0.23,-80.158,3,1,1,BTB505|GLU321|THR319
9MWN,9MWN_D_509_GD.pdb,Gadolinium,GD,D,509,-20.334,-12.021,-82.882,3,2,2,GLU321|BTB505|THR319
9QUP,9QUP_A_201_TB.pdb,Terbium,TB,A,201,21.183,0.052,10.065,4,1,1,GLU154|GLU31|GLU31|GLU154
9R0Q,9R0Q_A_401_TB.pdb,Terbium,TB,A,401,-10.098,-26.071,23.193,7,1,1,ASN270|GLU53|ASP269|OCH405|ASN224|CA403|ASN168
9R0Q,9R0Q_A_402_TB.pdb,Terbium,TB,A,402,-4.998,-31.26,21.09,5,3,4,ASP54|ASP169|CA404|ILE117|ILE170
9US6,9US6_A_703_TB.pdb,Terbium,TB,A,703,19.751,64.748,28.487,1,2,5,ASP396
9US6,9US6_B_703_TB.pdb,Terbium,TB,B,703,19.479,33.859,37.64,1,1,4,ASP396
